Workbook

Sheet CurveFit_Exponential
C4: Exponential Curve Fit
Q5: Beta | R5: Alfa
Q6: COV(X,Y)/VAR(X) | R6: E(Y)-beta*E(X)
G7: Curve Fit Results | Q7: =_xlfn.COVARIANCE.P(C10:C20,F10:F20)/_xlfn.VAR.P(C10:C20) -> -0.4505239 | R7: =AVERAGE(F10:F20)-Q7*AVERAGE(C10:C20) -> -1.4080691
B8: Development Period | D8: Selected | E8: v(j) | F8: ln [v(j)] | G8: Using All Periods | K8: Using Last 10 Periods | M8: Using Last 8 Periods
D9: LDF | G9: Fitted lambda | H9: Fit Error | I9: vj /vj-1 | K9: Fitted lambda | L9: Fit Error | M9: Fitted lambda | N9: Fit Error | P9: Curve Fit Parameters | Q9: =LINEST(F10:F20,B10:B20,TRUE) -> -0.4505239 | R9: =INTERCEPT(F10:F20,B10:B20) -> -1.4080691
B10: 0 | C10: 0 | D10: 2.0171433 | E10: =D10-1 -> 1.0171433 | F10: =LN(E10) -> 0.01699803 | G10: =1+$R$12*$Q$12^$B10 -> 1.2446152 | H10: =D10-G10 -> 0.77252817 | Q10: Decay
B11: =B10+1 -> 1 | C11: =C10+1 -> 1 | D11: 1.1887196 | E11: =D11-1 -> 0.18871965 | F11: =LN(E11) -> -1.6674927 | G11: =1+$R$12*$Q$12^$B11 -> 1.1558918 | H11: =D11-G11 -> 0.032827833 | K11: =1+$R$13*$Q$13^$B11 -> 1.0881584 | L11: =D11-K11 -> 0.10056123 | Q11: Rate | R11: Coefficient | S11: Lambda Inf.
B12: =B11+1 -> 2 | C12: =C11+1 -> 2 | D12: 1.0679386 | E12: =D12-1 -> 0.067938619 | F12: =LN(E12) -> -2.6891506 | G12: =1+$R$12*$Q$12^$B12 -> 1.0993489 | H12: =D12-G12 -> -0.031410328 | K12: =1+$R$13*$Q$13^$B12 -> 1.0617822 | L12: =D12-K12 -> 0.0061563762 | P12: Using All Points | Q12: =EXP(Q9) -> 0.63729418 | R12: =EXP(R9) -> 0.24461515 | S12: =PRODUCT(G21:G47) -> 1.0047585
B13: =B12+1 -> 3 | C13: =C12+1 -> 3 | D13: 1.033008 | E13: =D13-1 -> 0.033008026 | F13: =LN(E13) -> -3.4110045 | G13: =1+$R$12*$Q$12^$B13 -> 1.0633145 | H13: =D13-G13 -> -0.03030648 | K13: =1+$R$13*$Q$13^$B13 -> 1.0432976 | L13: =D13-K13 -> -0.010289546 | M13: =1+$R$14*$Q$14^$B13 -> 1.0264859 | N13: =D13-M13 -> 0.0065221553 | P13: Using Last 10 Points | Q13: =EXP(LINEST(F11:F20,B11:B20,TRUE)) -> 0.70080933 | R13: =EXP(INTERCEPT(F11:F20,B11:B20)) -> 0.12579516 | S13: =PRODUCT(K21:K47) -> 1.0084487
B14: =B13+1 -> 4 | C14: =C13+1 -> 4 | D14: 1.0225797 | E14: =D14-1 -> 0.022579679 | F14: =LN(E14) -> -3.790705 | G14: =1+$R$12*$Q$12^$B14 -> 1.04035 | H14: =D14-G14 -> -0.017770288 | K14: =1+$R$13*$Q$13^$B14 -> 1.0303433 | L14: =D14-K14 -> -0.007763664 | M14: =1+$R$14*$Q$14^$B14 -> 1.0207167 | N14: =D14-M14 -> 0.001862966 | P14: Using Last 8 Points | Q14: =EXP(LINEST(F13:F20,B13:B20,TRUE)) -> 0.78217979 | R14: =EXP(INTERCEPT(F13:F20,B13:B20)) -> 0.055347051 | S14: =PRODUCT(M21:M47) -> 1.0171412
B15: =B14+1 -> 5 | C15: =C14+1 -> 5 | D15: 1.0145919 | E15: =D15-1 -> 0.01459188 | F15: =LN(E15) -> -4.2272901 | G15: =1+$R$12*$Q$12^$B15 -> 1.0257148 | H15: =D15-G15 -> -0.011122919 | K15: =1+$R$13*$Q$13^$B15 -> 1.0212649 | L15: =D15-K15 -> -0.0066730179 | M15: =1+$R$14*$Q$14^$B15 -> 1.0162042 | N15: =D15-M15 -> -0.0016123141
B16: =B15+1 -> 6 | C16: =C15+1 -> 6 | D16: 1.011345 | E16: =D16-1 -> 0.011345025 | F16: =LN(E16) -> -4.478976 | G16: =1+$R$12*$Q$12^$B16 -> 1.0163879 | H16: =D16-G16 -> -0.0050428668 | K16: =1+$R$13*$Q$13^$B16 -> 1.0149026 | L16: =D16-K16 -> -0.0035576136 | M16: =1+$R$14*$Q$14^$B16 -> 1.0126746 | N16: =D16-M16 -> -0.0013295678
B17: =B16+1 -> 7 | C17: =C16+1 -> 7 | D17: 1.00874 | E17: =D17-1 -> 0.00874001 | F17: =LN(E17) -> -4.7398439 | G17: =1+$R$12*$Q$12^$B17 -> 1.0104439 | H17: =D17-G17 -> -0.0017038982 | K17: =1+$R$13*$Q$13^$B17 -> 1.0104439 | L17: =D17-K17 -> -0.0017038982 | M17: =1+$R$14*$Q$14^$B17 -> 1.0099138 | N17: =D17-M17 -> -0.0011738003
B18: =B17+1 -> 8 | C18: =C17+1 -> 8 | D18: 1.0066166 | E18: =D18-1 -> 0.0066166187 | F18: =LN(E18) -> -5.0181708 | G18: =1+$R$12*$Q$12^$B18 -> 1.0066558 | H18: =D18-G18 -> -3.9223295e-05 | K18: =1+$R$13*$Q$13^$B18 -> 1.0073192 | L18: =D18-K18 -> -0.00070256964 | M18: =1+$R$14*$Q$14^$B18 -> 1.0077544 | N18: =D18-M18 -> -0.0011377634
B19: =B18+1 -> 9 | C19: 9 | D19: 1.0040864 | E19: =D19-1 -> 0.0040863785 | F19: =LN(E19) -> -5.5000962 | G19: =1+$R$12*$Q$12^$B19 -> 1.0042417 | H19: =D19-G19 -> -0.0001553509 | K19: =1+$R$13*$Q$13^$B19 -> 1.0051294 | L19: =D19-K19 -> -0.001042977 | M19: =1+$R$14*$Q$14^$B19 -> 1.0060653 | N19: =D19-M19 -> -0.0019789424
B20: =B19+1 -> 10 | C20: 10 | D20: 1.0085498 | E20: =D20-1 -> 0.0085498376 | F20: =LN(E20) -> -4.761843 | G20: =1+$R$12*$Q$12^$B20 -> 1.0027032 | H20: =D20-G20 -> 0.0058466082 | K20: =1+$R$13*$Q$13^$B20 -> 1.0035947 | L20: =D20-K20 -> 0.0049551375 | M20: =1+$R$14*$Q$14^$B20 -> 1.0047442 | N20: =D20-M20 -> 0.0038056662
B21: =B20+1 -> 11 | G21: =1+$R$12*$Q$12^$B21 -> 1.0017228 | I21: =(G20-1)/(G19-1) -> 0.63729418 | K21: =1+$R$13*$Q$13^$B21 -> 1.0025192 | M21: =1+$R$14*$Q$14^$B21 -> 1.0037108
B22: =B21+1 -> 12 | G22: =1+$R$12*$Q$12^$B22 -> 1.0010979 | I22: =(G21-1)/(G20-1) -> 0.63729418 | K22: =1+$R$13*$Q$13^$B22 -> 1.0017655 | M22: =1+$R$14*$Q$14^$B22 -> 1.0029025 | T22: lj
B23: =B22+1 -> 13 | G23: =1+$R$12*$Q$12^$B23 -> 1.0006997 | K23: =1+$R$13*$Q$13^$B23 -> 1.0012373 | M23: =1+$R$14*$Q$14^$B23 -> 1.0022703
B24: =B23+1 -> 14 | G24: =1+$R$12*$Q$12^$B24 -> 1.0004459 | K24: =1+$R$13*$Q$13^$B24 -> 1.0008671 | M24: =1+$R$14*$Q$14^$B24 -> 1.0017758
B25: =B24+1 -> 15 | G25: =1+$R$12*$Q$12^$B25 -> 1.0002842 | K25: =1+$R$13*$Q$13^$B25 -> 1.0006077 | M25: =1+$R$14*$Q$14^$B25 -> 1.001389
B26: =B25+1 -> 16 | G26: =1+$R$12*$Q$12^$B26 -> 1.0001811 | K26: =1+$R$13*$Q$13^$B26 -> 1.0004259 | M26: =1+$R$14*$Q$14^$B26 -> 1.0010864
B27: =B26+1 -> 17 | G27: =1+$R$12*$Q$12^$B27 -> 1.0001154 | K27: =1+$R$13*$Q$13^$B27 -> 1.0002984 | M27: =1+$R$14*$Q$14^$B27 -> 1.0008498
B28: =B27+1 -> 18 | G28: =1+$R$12*$Q$12^$B28 -> 1.0000736 | K28: =1+$R$13*$Q$13^$B28 -> 1.0002092 | M28: =1+$R$14*$Q$14^$B28 -> 1.0006647
B29: =B28+1 -> 19 | G29: =1+$R$12*$Q$12^$B29 -> 1.0000469 | K29: =1+$R$13*$Q$13^$B29 -> 1.0001466 | M29: =1+$R$14*$Q$14^$B29 -> 1.0005199
B30: =B29+1 -> 20 | G30: =1+$R$12*$Q$12^$B30 -> 1.0000299 | K30: =1+$R$13*$Q$13^$B30 -> 1.0001027 | M30: =1+$R$14*$Q$14^$B30 -> 1.0004067
B31: =B30+1 -> 21 | G31: =1+$R$12*$Q$12^$B31 -> 1.000019 | K31: =1+$R$13*$Q$13^$B31 -> 1.000072 | M31: =1+$R$14*$Q$14^$B31 -> 1.0003181
B32: =B31+1 -> 22 | G32: =1+$R$12*$Q$12^$B32 -> 1.0000121 | K32: =1+$R$13*$Q$13^$B32 -> 1.0000505 | M32: =1+$R$14*$Q$14^$B32 -> 1.0002488
B33: =B32+1 -> 23 | G33: =1+$R$12*$Q$12^$B33 -> 1.0000077 | K33: =1+$R$13*$Q$13^$B33 -> 1.0000354 | M33: =1+$R$14*$Q$14^$B33 -> 1.0001946
B34: =B33+1 -> 24 | G34: =1+$R$12*$Q$12^$B34 -> 1.0000049 | K34: =1+$R$13*$Q$13^$B34 -> 1.0000248 | M34: =1+$R$14*$Q$14^$B34 -> 1.0001522
... B47: =B46+1 -> 37 | G47: =1+$R$12*$Q$12^$B47 -> 1 | K47: =1+$R$13*$Q$13^$B47 -> 1.0000002 | M47: =1+$R$14*$Q$14^$B47 -> 1.0000062
B56: Total Error | H56: =SUM(H10:H29) -> 0.71365125 | L56: =SUM(L10:L29) -> 0.079939455 | N56: =SUM(N10:N29) -> 0.0049583995

Sheet Reserve in different scenarios
B2: Reserve
D3: Type of Tail | E3: Reserve | F3: Using All Points | G3: =CurveFit_Exponential!P13 -> Using Last 10 Points | H3: =CurveFit_Exponential!P14 -> Using Last 8 Points
B4: Last Cum. Payments | C4: CDF without tail | D4: Reserve without tail | E4: 1.0124523 | F4: =CurveFit_Exponential!S12 -> 1.0047585 | G4: =CurveFit_Exponential!S13 -> 1.0084487 | H4: =CurveFit_Exponential!S14 -> 1.0171412
A5: 1993 | B5: 85774.613 | C5: 1 | D5: =B5*C5-B5 -> 0 | E5: =$B5*$C5*E$4-$B5 -> 1068.0881 | F5: =$B5*$C5*F$4-$B5 -> 408.15749 | G5: =$B5*$C5*G$4-$B5 -> 724.68732 | H5: =$B5*$C5*H$4-$B5 -> 1470.2775
A6: 1994 | B6: 96325.022 | C6: 1.0085498 | D6: =B6*C6-B6 -> 823.5633 | E6: =B6*C6*$E$4-B6 -> 2033.2831 | F6: =$B6*$C6*F$4-$B6 -> 1285.8437 | G6: =$B6*$C6*G$4-$B6 -> 1644.3463 | H6: =$B6*$C6*H$4-$B6 -> 2488.8041
A7: 1995 | B7: 105007.48 | C7: 1.0126712 | D7: =B7*C7-B7 -> 1330.566 | E7: =B7*C7*$E$4-B7 -> 2654.7155 | F7: =$B7*$C7*F$4-$B7 -> 1836.5744 | G7: =$B7*$C7*G$4-$B7 -> 2228.9884 | H7: =$B7*$C7*H$4-$B7 -> 3153.325
A8: 1996 | B8: 114674.41 | C8: 1.0193716 | D8: =B8*C8-B8 -> 2221.4283 | E8: =B8*C8*$E$4-B8 -> 3677.0462 | F8: =$B8*$C8*F$4-$B8 -> 2777.6758 | G8: =$B8*$C8*G$4-$B8 -> 3209.0508 | H8: =$B8*$C8*H$4-$B8 -> 4225.1602
A9: 1997 | B9: 118289.46 | C9: 1.0282809 | D9: =B9*C9-B9 -> 3345.3361 | E9: =B9*C9*$E$4-B9 -> 4859.9647 | F9: =$B9*$C9*F$4-$B9 -> 3924.1338 | G9: =$B9*$C9*G$4-$B9 -> 4372.9967 | H9: =$B9*$C9*H$4-$B9 -> 5430.2993
A10: 1998 | B10: 132138.57 | C10: 1.0399468 | D10: =B10*C10-B10 -> 5278.5136 | E10: =B10*C10*$E$4-B10 -> 6989.6674 | F10: =$B10*$C10*F$4-$B10 -> 5932.4112 | G10: =$B10*$C10*G$4-$B10 -> 6439.5147 | H10: =$B10*$C10*H$4-$B10 -> 7634.0037
A11: 1999 | B11: 138291.01 | C11: 1.0551216 | D11: =B11*C11-B11 -> 7622.8196 | E11: =B11*C11*$E$4-B11 -> 9439.7771 | F11: =$B11*$C11*F$4-$B11 -> 8317.1488 | G11: =$B11*$C11*G$4-$B11 -> 8855.6074 | H11: =$B11*$C11*H$4-$B11 -> 10123.954
A12: 2000 | B12: 129900.41 | C12: 1.0789459 | D12: =B12*C12-B12 -> 10255.103 | E12: =B12*C12*$E$4-B12 -> 12000.357 | F12: =$B12*$C12*F$4-$B12 -> 10922.032 | G12: =$B12*$C12*G$4-$B12 -> 11439.241 | H12: =$B12*$C12*H$4-$B12 -> 12657.533
A13: 2001 | B13: 124786.08 | C13: 1.1145598 | D13: =B13*C13-B13 -> 14295.464 | E13: =B13*C13*$E$4-B13 -> 16027.344 | F13: =$B13*$C13*F$4-$B13 -> 14957.282 | G13: =$B13*$C13*G$4-$B13 -> 15470.528 | H13: =$B13*$C13*H$4-$B13 -> 16679.485
A14: 2002 | B14: 121799.75 | C14: 1.1902814 | D14: =B14*C14-B14 -> 23176.229 | E14: =B14*C14*$E$4-B14 -> 24981.508 | F14: =$B14*$C14*F$4-$B14 -> 23866.096 | G14: =$B14*$C14*G$4-$B14 -> 24401.093 | H14: =$B14*$C14*H$4-$B14 -> 25661.288
A15: 2003 | B15: 112342 | C15: 1.4149109 | D15: =B15*C15-B15 -> 46611.921 | E15: =B15*C15*$E$4-B15 -> 48591.257 | F15: =$B15*$C15*F$4-$B15 -> 47368.301 | G15: =$B15*$C15*G$4-$B15 -> 47954.881 | H15: =$B15*$C15*H$4-$B15 -> 49336.577
A16: 2004 | B16: 60361.276 | C16: 2.8540781 | D16: =B16*C16-B16 -> 111914.52 | E16: =B16*C16*$E$4-B16 -> 114059.74 | F16: =$B16*$C16*F$4-$B16 -> 112734.29 | G16: =$B16*$C16*G$4-$B16 -> 113370.03 | H16: =$B16*$C16*H$4-$B16 -> 114867.53
D17: =SUM(D5:D16) -> 226875.46 | E17: =SUM(E5:E16) -> 246382.75 | F17: =SUM(F5:F16) -> 234329.95 | G17: =SUM(G5:G16) -> 240110.97 | H17: =SUM(H5:H16) -> 253728.23
C18: Increase due to the tail | E18: =E17/$D$17-1 -> 0.08598236 | F18: =F17/$D$17-1 -> 0.032857162 | G18: =G17/$D$17-1 -> 0.058338189 | H18: =H17/$D$17-1 -> 0.11835909
