Workbook
Name LatestYear: 2020
Name nCol: COUNTA('Mack_Metodo 2'!$C$4:$N$4)-1
Name nRow: COUNTA('Mack_Metodo 2'!$B$5:$B$16)

Sheet Mack_Metodo1
T1: AY | U1: Diagonal | V1: Ultimate | W1: Claim Reserve | X1: Process Error | Y1: Process CV | Z1: Estim. Error | AA1: Estim. CV | AB1: Estim. Covariance Component | AC1: Total Error | AD1: CV (%)
E2: Cumulative paid claim amount | Z2: (without Dependence)
C3: DY | T3: 0 | U3: =N5 -> 86842.701 | V3: =N43 -> 86842.701 | W3: =V3-U3 -> 0 | X3: 0 | Y3: =IFERROR(X3/W3,"") | Z3: 0 | AA3: =IFERROR(Z3/W3,"") | AB3: 0 | AC3: =SUMSQ(X3,Z3)^0.5 -> 0 | AD3: =IFERROR(AC3/W3, "")
B4: i/j | C4: 0 | D4: 1 | E4: 2 | F4: 3 | G4: 4 | H4: 5 | I4: 6 | J4: 7 | K4: 8 | L4: 9 | M4: 10 | N4: 11 | T4: =T3+1 -> 1 | U4: =M6 -> 96325.022 | V4: =N44 -> 98358.305 | W4: =V4-U4 -> 2033.2831 | X4: =(V4^2*O79)^0.5 -> 32.220985 | Y4: =IFERROR(X4/W4,"") -> 0.015846778 | Z4: =(V4^2*HLOOKUP(11-T4,$C$92:$M$94,3,FALSE))^0.5 -> 34.290804 | AA4: =IFERROR(Z4/W4,"") -> 0.016864747 | AB4: =IF(T4<11,HLOOKUP(11-T4,$C$92:$M$94,3,FALSE)*V4*SUM(V5:$V$14),0) -> 16747.22 | AC4: =SUMSQ(X4,Z4)^0.5 -> 47.053705 | AD4: =IFERROR(AC4/W4, "") -> 0.023141738
B5: 0 | C5: 28446.238 | D5: 57697.432 | E5: 70161.415 | F5: 75305.501 | G5: 78032.449 | H5: 80391.811 | I5: 81725.667 | J5: 82964.097 | K5: 83905.538 | L5: 84765.601 | M5: 85047.471 | N5: 86842.701 | T5: =T4+1 -> 2 | U5: =L7 -> 105007.48 | V5: =N45 -> 107662.2 | W5: =V5-U5 -> 2654.7155 | X5: =(V5^2*O80)^0.5 -> 106.14053 | Y5: =IFERROR(X5/W5,"") -> 0.039981887 | Z5: =(V5^2*HLOOKUP(11-T5,$C$92:$M$94,3,FALSE))^0.5 -> 85.424406 | AA5: =IFERROR(Z5/W5,"") -> 0.032178366 | AB5: =IF(T5<11,HLOOKUP(11-T5,$C$92:$M$94,3,FALSE)*V5*SUM(V6:$V$14),0) -> 87653.572 | AC5: =SUMSQ(X5,Z5)^0.5 -> 136.24662 | AD5: =IFERROR(AC5/W5, "") -> 0.051322495
B6: =B5+1 -> 1 | C6: 31963.048 | D6: 68069.343 | E6: 81510.677 | F6: 87378.911 | G6: 90260.884 | H6: 92682.871 | I6: 93600.876 | J6: 94676.854 | K6: 95410.595 | L6: 95868.751 | M6: 96325.022 | T6: =T5+1 -> 3 | U6: =K8 -> 114674.41 | V6: =N46 -> 118351.46 | W6: =V6-U6 -> 3677.0462 | X6: =(V6^2*O81)^0.5 -> 328.80966 | Y6: =IFERROR(X6/W6,"") -> 0.089422227 | Z6: =(V6^2*HLOOKUP(11-T6,$C$92:$M$94,3,FALSE))^0.5 -> 217.95677 | AA6: =IFERROR(Z6/W6,"") -> 0.059274961 | AB6: =IF(T6<11,HLOOKUP(11-T6,$C$92:$M$94,3,FALSE)*V6*SUM(V7:$V$14),0) -> 471576.93 | AC6: =SUMSQ(X6,Z6)^0.5 -> 394.48821 | AD6: =IFERROR(AC6/W6, "") -> 0.107284
B7: =B6+1 -> 2 | C7: 37774.74 | D7: 77900.131 | E7: 90851.307 | F7: 96885.063 | G7: 99894.719 | H7: 101159.11 | I7: 102409.07 | J7: 103543.77 | K7: 104448.14 | L7: 105007.48 | T7: =T6+1 -> 4 | U7: =J9 -> 118289.46 | V7: =N47 -> 123149.43 | W7: =V7-U7 -> 4859.9647 | X7: =(V7^2*O82)^0.5 -> 381.55064 | Y7: =IFERROR(X7/W7,"") -> 0.078508933 | Z7: =(V7^2*HLOOKUP(11-T7,$C$92:$M$94,3,FALSE))^0.5 -> 247.67373 | AA7: =IFERROR(Z7/W7,"") -> 0.050962043 | AB7: =IF(T7<11,HLOOKUP(11-T7,$C$92:$M$94,3,FALSE)*V7*SUM(V8:$V$14),0) -> 523869.34 | AC7: =SUMSQ(X7,Z7)^0.5 -> 454.88808 | AD7: =IFERROR(AC7/W7, "") -> 0.093599052
B8: =B7+1 -> 3 | C8: 40417.572 | D8: 84916.514 | E8: 100286.94 | F8: 105880.79 | G8: 108496.31 | H8: 110480.62 | I8: 112617.42 | J8: 113801.78 | K8: 114674.41 | T8: =T7+1 -> 5 | U8: =I10 -> 132138.57 | V8: =N48 -> 139128.24 | W8: =V8-U8 -> 6989.6674 | X8: =(V8^2*O83)^0.5 -> 472.0633 | Y8: =IFERROR(X8/W8,"") -> 0.067537305 | Z8: =(V8^2*HLOOKUP(11-T8,$C$92:$M$94,3,FALSE))^0.5 -> 305.76422 | AA8: =IFERROR(Z8/W8,"") -> 0.043745175 | AB8: =IF(T8<11,HLOOKUP(11-T8,$C$92:$M$94,3,FALSE)*V8*SUM(V9:$V$14),0) -> 613238.25 | AC8: =SUMSQ(X8,Z8)^0.5 -> 562.43712 | AD8: =IFERROR(AC8/W8, "") -> 0.080466936
B9: =B8+1 -> 4 | C9: 44116.086 | D9: 89606.275 | E9: 104945.7 | F9: 110423.78 | G9: 112964.42 | H9: 115870.79 | I9: 117165.12 | J9: 118289.46 | T9: =T8+1 -> 6 | U9: =H11 -> 138291.01 | V9: =N49 -> 147730.79 | W9: =V9-U9 -> 9439.7771 | X9: =(V9^2*O84)^0.5 -> 689.19771 | Y9: =IFERROR(X9/W9,"") -> 0.073009956 | Z9: =(V9^2*HLOOKUP(11-T9,$C$92:$M$94,3,FALSE))^0.5 -> 397.11141 | AA9: =IFERROR(Z9/W9,"") -> 0.042067879 | AB9: =IF(T9<11,HLOOKUP(11-T9,$C$92:$M$94,3,FALSE)*V9*SUM(V10:$V$14),0) -> 816450.42 | AC9: =SUMSQ(X9,Z9)^0.5 -> 795.41872 | AD9: =IFERROR(AC9/W9, "") -> 0.084262448
B10: =B9+1 -> 5 | C10: 50294.26 | D10: 98334.581 | E10: 116177.48 | F10: 123212.68 | G10: 127146.29 | H10: 129871.97 | I10: 132138.57 | T10: =T9+1 -> 7 | U10: =G12 -> 129900.41 | V10: =N50 -> 141900.77 | W10: =V10-U10 -> 12000.357 | X10: =(V10^2*O85)^0.5 -> 972.9057 | Y10: =IFERROR(X10/W10,"") -> 0.081073064 | Z10: =(V10^2*HLOOKUP(11-T10,$C$92:$M$94,3,FALSE))^0.5 -> 479.80806 | AA10: =IFERROR(Z10/W10,"") -> 0.039982816 | AB10: =IF(T10<11,HLOOKUP(11-T10,$C$92:$M$94,3,FALSE)*V10*SUM(V11:$V$14),0) -> 1010654.7 | AC10: =SUMSQ(X10,Z10)^0.5 -> 1084.7863 | AD10: =IFERROR(AC10/W10, "") -> 0.090396169
B11: =B10+1 -> 6 | C11: 49619.804 | D11: 99611.162 | E11: 119181.37 | F11: 129228.43 | G11: 134978.32 | H11: 138291.01 | T11: =T10+1 -> 8 | U11: =F13 -> 124786.08 | V11: =N51 -> 140813.43 | W11: =V11-U11 -> 16027.344 | X11: =(V11^2*O86)^0.5 -> 1333.0766 | Y11: =IFERROR(X11/W11,"") -> 0.083175142 | Z11: =(V11^2*HLOOKUP(11-T11,$C$92:$M$94,3,FALSE))^0.5 -> 590.92447 | AA11: =IFERROR(Z11/W11,"") -> 0.036869769 | AB11: =IF(T11<11,HLOOKUP(11-T11,$C$92:$M$94,3,FALSE)*V11*SUM(V12:$V$14),0) -> 1195608.6 | AC11: =SUMSQ(X11,Z11)^0.5 -> 1458.1786 | AD11: =IFERROR(AC11/W11, "") -> 0.09098068
B12: =B11+1 -> 7 | C12: 46409.721 | D12: 96104.016 | E12: 116984.68 | F12: 125186.24 | G12: 129900.41 | T12: =T11+1 -> 9 | U12: =E14 -> 121799.75 | V12: =N52 -> 146781.26 | W12: =V12-U12 -> 24981.508 | X12: =(V12^2*O87)^0.5 -> 1902.1444 | Y12: =IFERROR(X12/W12,"") -> 0.076142094 | Z12: =(V12^2*HLOOKUP(11-T12,$C$92:$M$94,3,FALSE))^0.5 -> 783.70495 | AA12: =IFERROR(Z12/W12,"") -> 0.031371402 | AB12: =IF(T12<11,HLOOKUP(11-T12,$C$92:$M$94,3,FALSE)*V12*SUM(V13:$V$14),0) -> 1403260.9 | AC12: =SUMSQ(X12,Z12)^0.5 -> 2057.2668 | AD12: =IFERROR(AC12/W12, "") -> 0.082351584
B13: =B12+1 -> 8 | C13: 48294.758 | D13: 97648.347 | E13: 115952.59 | F13: 124786.08 | T13: =T12+1 -> 10 | U13: =D15 -> 112342 | V13: =N53 -> 160933.26 | W13: =V13-U13 -> 48591.257 | X13: =(V13^2*O88)^0.5 -> 2811.3668 | Y13: =IFERROR(X13/W13,"") -> 0.057857461 | Z13: =(V13^2*HLOOKUP(11-T13,$C$92:$M$94,3,FALSE))^0.5 -> 1115.7486 | AA13: =IFERROR(Z13/W13,"") -> 0.022961921 | AB13: =IF(T13<11,HLOOKUP(11-T13,$C$92:$M$94,3,FALSE)*V13*SUM(V14:$V$14),0) -> 1349229.1 | AC13: =SUMSQ(X13,Z13)^0.5 -> 3024.6782 | AD13: =IFERROR(AC13/W13, "") -> 0.062247375
B14: =B13+1 -> 9 | C14: 52590.22 | D14: 103196.04 | E14: 121799.75 | T14: =T13+1 -> 11 | U14: =C16 -> 60361.276 | V14: =N54 -> 174421.02 | W14: =V14-U14 -> 114059.74 | X14: =(V14^2*O89)^0.5 -> 5615.576 | Y14: =IFERROR(X14/W14,"") -> 0.049233637 | Z14: =(V14^2*HLOOKUP(11-T14,$C$92:$M$94,3,FALSE))^0.5 -> 2073.7048 | AA14: =IFERROR(Z14/W14,"") -> 0.018180865 | AB14: =IF(T14<11,HLOOKUP(11-T14,$C$92:$M$94,3,FALSE)*V14*SUM(V$14:$V15),0) -> 0 | AC14: =SUMSQ(X14,Z14)^0.5 -> 5986.2296 | AD14: =IFERROR(AC14/W14, "") -> 0.052483282
B15: =B14+1 -> 10 | C15: 58599 | D15: 112342
B16: =B15+1 -> 11 | C16: 60361.276 | T16: Total | U16: =SUM(U3:U14) -> 1340758.2 | V16: =SUM(V3:V14) -> 1586072.9 | W16: =SUM(W3:W14) -> 245314.66 | X16: =+SUMSQ(X3:X14)^0.5 -> 6836.9662 | Y16: =X16/W16 -> 0.02787019 | Z16: =+SUMSQ(Z3:Z14)^0.5 -> 2665.9439 | AA16: =Z16/W16 -> 0.010867446 | AB16: Independence | AC16: =SQRT(X16^2+Z16^2) -> 7338.3489 | AD16: =AC16/W16 -> 0.029914025
Y17: With dependence | Z17: =SQRT(Z16^2+AB17*2) -> 4699.3441 | AA17: =Z17/W16 -> 0.019156393 | AB17: =SUM(AB3:AB14) -> 7488289 | AC17: =(Z16^2+X16^2+2*AB17)^0.5 -> 8296.2607 | AD17: =AC17/W16 -> 0.033818854
AB18: Full Correlation EV | AC18: =(X16^2+SUM(Z4:Z14)^2)^0.5 -> 9318.7849 | AD18: =AC18/W16 -> 0.037987068
AB19: Full Correlation Total | AC19: =SQRT(SUM(X4:X14)^2+SUM(Z4:Z14)^2) -> 15955.35 | AD19: =AC19/W16 -> 0.065040345
E21: Link ratios (a.k.a. age-to-age factors)
C22: DY
B23: i/j | C23: 0 | D23: 1 | E23: 2 | F23: 3 | G23: 4 | H23: 5 | I23: 6 | J23: 7 | K23: 8 | L23: 9 | M23: 10 | N23: 11
B24: 0 | C24: =D5/C5 -> 2.0282974 | D24: =E5/D5 -> 1.2160232 | E24: =F5/E5 -> 1.0733179 | F24: =G5/F5 -> 1.0362118 | G24: =H5/G5 -> 1.0302357 | H24: =I5/H5 -> 1.0165919 | I24: =J5/I5 -> 1.0151535 | J24: =K5/J5 -> 1.0113476 | ... M24: =N5/M5 -> 1.0211086
B25: =B24+1 -> 1 | C25: =D6/C6 -> 2.1296262 | D25: =E6/D6 -> 1.1974653 | E25: =F6/E6 -> 1.0719934 | F25: =G6/F6 -> 1.0329825 | G25: =H6/G6 -> 1.0268332 | H25: =I6/H6 -> 1.0099048 | I25: =J6/I6 -> 1.0114954 | J25: =K6/J6 -> 1.00775 | ... L25: =M6/L6 -> 1.0047593 | M25: =IFERROR(IF(N6<>"",IF($B25+M$23 <= LatestYear,N6/M6,""),""),"") | N25: =IFERROR(IF(#REF!<>"",IF($B25+N$23 <= LatestYear,#REF!/N6,""),""),"")
B26: =B25+1 -> 2 | C26: =D7/C7 -> 2.0622281 | D26: =E7/D7 -> 1.1662536 | E26: =F7/E7 -> 1.0664135 | F26: =G7/F7 -> 1.0310642 | G26: =H7/G7 -> 1.0126573 | H26: =I7/H7 -> 1.0123563 | I26: =J7/I7 -> 1.0110801 | J26: =K7/J7 -> 1.0087342 | K26: =L7/K7 -> 1.0053552 | L26: =IFERROR(IF(M7<>"",IF($B26+L$23 <= LatestYear,M7/L7,""),""),"") | M26: =IFERROR(IF(N7<>"",IF($B26+M$23 <= LatestYear,N7/M7,""),""),"") | N26: =IFERROR(IF(#REF!<>"",IF($B26+N$23 <= LatestYear,#REF!/N7,""),""),"")
B27: =B26+1 -> 3 | C27: =D8/C8 -> 2.1009801 | D27: =E8/D8 -> 1.1810063 | E27: =F8/E8 -> 1.0557785 | F27: =G8/F8 -> 1.0247025 | G27: =H8/G8 -> 1.0182892 | H27: =I8/H8 -> 1.019341 | I27: =J8/I8 -> 1.0105166 | J27: =K8/J8 -> 1.007668 | K27: =IFERROR(IF(L8<>"",IF($B27+K$23 <= LatestYear,L8/K8,""),""),"") | L27: =IFERROR(IF(M8<>"",IF($B27+L$23 <= LatestYear,M8/L8,""),""),"") | M27: =IFERROR(IF(N8<>"",IF($B27+M$23 <= LatestYear,N8/M8,""),""),"") | N27: =IFERROR(IF(#REF!<>"",IF($B27+N$23 <= LatestYear,#REF!/N8,""),""),"")
B28: =B27+1 -> 4 | C28: =D9/C9 -> 2.0311475 | D28: =E9/D9 -> 1.171187 | E28: =F9/E9 -> 1.0521992 | F28: =G9/F9 -> 1.0230081 | G28: =H9/G9 -> 1.0257282 | H28: =I9/H9 -> 1.0111705 | I28: =J9/I9 -> 1.0095962 | J28: =IFERROR(IF(K9<>"",IF($B28+J$23 <= LatestYear,K9/J9,""),""),"") | K28: =IFERROR(IF(L9<>"",IF($B28+K$23 <= LatestYear,L9/K9,""),""),"") | L28: =IFERROR(IF(M9<>"",IF($B28+L$23 <= LatestYear,M9/L9,""),""),"") | M28: =IFERROR(IF(N9<>"",IF($B28+M$23 <= LatestYear,N9/M9,""),""),"") | N28: =IFERROR(IF(#REF!<>"",IF($B28+N$23 <= LatestYear,#REF!/N9,""),""),"")
B29: =B28+1 -> 5 | C29: =D10/C10 -> 1.955185 | D29: =E10/D10 -> 1.1814509 | E29: =F10/E10 -> 1.0605556 | F29: =G10/F10 -> 1.0319253 | G29: =H10/G10 -> 1.0214374 | H29: =I10/H10 -> 1.0174526 | I29: =IFERROR(IF(J10<>"",IF($B29+I$23 <= LatestYear,J10/I10,""),""),"") | J29: =IFERROR(IF(K10<>"",IF($B29+J$23 <= LatestYear,K10/J10,""),""),"") | K29: =IFERROR(IF(L10<>"",IF($B29+K$23 <= LatestYear,L10/K10,""),""),"") | L29: =IFERROR(IF(M10<>"",IF($B29+L$23 <= LatestYear,M10/L10,""),""),"") | M29: =IFERROR(IF(N10<>"",IF($B29+M$23 <= LatestYear,N10/M10,""),""),"") | N29: =IFERROR(IF(#REF!<>"",IF($B29+N$23 <= LatestYear,#REF!/N10,""),""),"")
B30: =B29+1 -> 6 | C30: =D11/C11 -> 2.007488 | D30: =E11/D11 -> 1.196466 | E30: =F11/E11 -> 1.0843007 | F30: =G11/F11 -> 1.044494 | G30: =H11/G11 -> 1.0245424 | H30: =IFERROR(IF(I11<>"",IF($B30+H$23 <= LatestYear,I11/H11,""),""),"") | I30: =IFERROR(IF(J11<>"",IF($B30+I$23 <= LatestYear,J11/I11,""),""),"") | J30: =IFERROR(IF(K11<>"",IF($B30+J$23 <= LatestYear,K11/J11,""),""),"") | K30: =IFERROR(IF(L11<>"",IF($B30+K$23 <= LatestYear,L11/K11,""),""),"") | L30: =IFERROR(IF(M11<>"",IF($B30+L$23 <= LatestYear,M11/L11,""),""),"") | M30: =IFERROR(IF(N11<>"",IF($B30+M$23 <= LatestYear,N11/M11,""),""),"") | N30: =IFERROR(IF(#REF!<>"",IF($B30+N$23 <= LatestYear,#REF!/N11,""),""),"")
B31: =B30+1 -> 7 | C31: =D12/C12 -> 2.0707734 | D31: =E12/D12 -> 1.2172715 | E31: =F12/E12 -> 1.070108 | F31: =G12/F12 -> 1.0376572 | G31: =IFERROR(IF(H12<>"",IF($B31+G$23 <= LatestYear,H12/G12,""),""),"") | H31: =IFERROR(IF(I12<>"",IF($B31+H$23 <= LatestYear,I12/H12,""),""),"") | I31: =IFERROR(IF(J12<>"",IF($B31+I$23 <= LatestYear,J12/I12,""),""),"") | J31: =IFERROR(IF(K12<>"",IF($B31+J$23 <= LatestYear,K12/J12,""),""),"") | K31: =IFERROR(IF(L12<>"",IF($B31+K$23 <= LatestYear,L12/K12,""),""),"") | L31: =IFERROR(IF(M12<>"",IF($B31+L$23 <= LatestYear,M12/L12,""),""),"") | M31: =IFERROR(IF(N12<>"",IF($B31+M$23 <= LatestYear,N12/M12,""),""),"") | N31: =IFERROR(IF(#REF!<>"",IF($B31+N$23 <= LatestYear,#REF!/N12,""),""),"")
B32: =B31+1 -> 8 | C32: =D13/C13 -> 2.0219244 | D32: =E13/D13 -> 1.1874506 | E32: =F13/E13 -> 1.0761819 | F32: =IFERROR(IF(G13<>"",IF($B32+F$23 <= LatestYear,G13/F13,""),""),"") | G32: =IFERROR(IF(H13<>"",IF($B32+G$23 <= LatestYear,H13/G13,""),""),"") | H32: =IFERROR(IF(I13<>"",IF($B32+H$23 <= LatestYear,I13/H13,""),""),"") | I32: =IFERROR(IF(J13<>"",IF($B32+I$23 <= LatestYear,J13/I13,""),""),"") | J32: =IFERROR(IF(K13<>"",IF($B32+J$23 <= LatestYear,K13/J13,""),""),"") | K32: =IFERROR(IF(L13<>"",IF($B32+K$23 <= LatestYear,L13/K13,""),""),"") | L32: =IFERROR(IF(M13<>"",IF($B32+L$23 <= LatestYear,M13/L13,""),""),"") | M32: =IFERROR(IF(N13<>"",IF($B32+M$23 <= LatestYear,N13/M13,""),""),"") | N32: =IFERROR(IF(#REF!<>"",IF($B32+N$23 <= LatestYear,#REF!/N13,""),""),"")
B33: =B32+1 -> 9 | C33: =D14/C14 -> 1.9622667 | D33: =E14/D14 -> 1.1802755 | E33: =IFERROR(IF(F14<>"",IF($B33+E$23 <= LatestYear,F14/E14,""),""),"") | F33: =IFERROR(IF(G14<>"",IF($B33+F$23 <= LatestYear,G14/F14,""),""),"") | G33: =IFERROR(IF(H14<>"",IF($B33+G$23 <= LatestYear,H14/G14,""),""),"") | H33: =IFERROR(IF(I14<>"",IF($B33+H$23 <= LatestYear,I14/H14,""),""),"") | I33: =IFERROR(IF(J14<>"",IF($B33+I$23 <= LatestYear,J14/I14,""),""),"") | J33: =IFERROR(IF(K14<>"",IF($B33+J$23 <= LatestYear,K14/J14,""),""),"") | K33: =IFERROR(IF(L14<>"",IF($B33+K$23 <= LatestYear,L14/K14,""),""),"") | L33: =IFERROR(IF(M14<>"",IF($B33+L$23 <= LatestYear,M14/L14,""),""),"") | M33: =IFERROR(IF(N14<>"",IF($B33+M$23 <= LatestYear,N14/M14,""),""),"") | N33: =IFERROR(IF(#REF!<>"",IF($B33+N$23 <= LatestYear,#REF!/N14,""),""),"")
B34: =B33+1 -> 10 | C34: =D15/C15 -> 1.9171317 | D34: =IFERROR(IF(E15<>"",IF($B34+D$23 <= LatestYear,E15/D15,""),""),"") | E34: =IFERROR(IF(F15<>"",IF($B34+E$23 <= LatestYear,F15/E15,""),""),"") | F34: =IFERROR(IF(G15<>"",IF($B34+F$23 <= LatestYear,G15/F15,""),""),"") | G34: =IFERROR(IF(H15<>"",IF($B34+G$23 <= LatestYear,H15/G15,""),""),"") | H34: =IFERROR(IF(I15<>"",IF($B34+H$23 <= LatestYear,I15/H15,""),""),"") | I34: =IFERROR(IF(J15<>"",IF($B34+I$23 <= LatestYear,J15/I15,""),""),"") | J34: =IFERROR(IF(K15<>"",IF($B34+J$23 <= LatestYear,K15/J15,""),""),"") | K34: =IFERROR(IF(L15<>"",IF($B34+K$23 <= LatestYear,L15/K15,""),""),"") | ... M34: =IFERROR(IF(N15<>"",IF($B34+M$23 <= LatestYear,N15/M15,""),""),"") | N34: =IFERROR(IF(#REF!<>"",IF($B34+N$23 <= LatestYear,#REF!/N15,""),""),"")
B35: =B34+1 -> 11 | C35: =IFERROR(IF(D16<>"",IF($B35+C$23 <= LatestYear,D16/C16,""),""),"") | D35: =IFERROR(IF(E16<>"",IF($B35+D$23 <= LatestYear,E16/D16,""),""),"") | E35: =IFERROR(IF(F16<>"",IF($B35+E$23 <= LatestYear,F16/E16,""),""),"") | F35: =IFERROR(IF(G16<>"",IF($B35+F$23 <= LatestYear,G16/F16,""),""),"") | G35: =IFERROR(IF(H16<>"",IF($B35+G$23 <= LatestYear,H16/G16,""),""),"") | H35: =IFERROR(IF(I16<>"",IF($B35+H$23 <= LatestYear,I16/H16,""),""),"") | I35: =IFERROR(IF(J16<>"",IF($B35+I$23 <= LatestYear,J16/I16,""),""),"") | J35: =IFERROR(IF(K16<>"",IF($B35+J$23 <= LatestYear,K16/J16,""),""),"") | ... M35: =IFERROR(IF(N16<>"",IF($B35+M$23 <= LatestYear,N16/M16,""),""),"") | N35: =IFERROR(IF(#REF!<>"",IF($B35+N$23 <= LatestYear,#REF!/N16,""),""),"")
B37: Development factors | C37: 0 | D37: 1 | E37: =D37+1 -> 2 | F37: =E37+1 -> 3 | G37: =F37+1 -> 4 | H37: =G37+1 -> 5 | I37: =H37+1 -> 6 | J37: =I37+1 -> 7 | K37: =J37+1 -> 8 | L37: =K37+1 -> 9 | M37: =L37+1 -> 10
B38: lambda | C38: =SUM(D5:D16)/(SUM(C5:C16)-VLOOKUP(11-C37,$B5:C16,C37+2,FALSE)) -> 2.0171433 | D38: =SUM(E5:E16)/(SUM(D5:D16)-VLOOKUP(11-D37,$B5:D16,D37+2,FALSE)) -> 1.1887196 | E38: =SUM(F5:F16)/(SUM(E5:E16)-VLOOKUP(11-E37,$B5:E16,E37+2,FALSE)) -> 1.0679386 | F38: =SUM(G5:G16)/(SUM(F5:F16)-VLOOKUP(11-F37,$B5:F16,F37+2,FALSE)) -> 1.033008 | G38: =SUM(H5:H16)/(SUM(G5:G16)-VLOOKUP(11-G37,$B5:G16,G37+2,FALSE)) -> 1.0225797 | H38: =SUM(I5:I16)/(SUM(H5:H16)-VLOOKUP(11-H37,$B5:H16,H37+2,FALSE)) -> 1.0145919 | I38: =SUM(J5:J16)/(SUM(I5:I16)-VLOOKUP(11-I37,$B5:I16,I37+2,FALSE)) -> 1.011345 | J38: =SUM(K5:K16)/(SUM(J5:J16)-VLOOKUP(11-J37,$B5:J16,J37+2,FALSE)) -> 1.00874 | ... M38: =SUM(N5:N16)/(SUM(M5:M16)-VLOOKUP(11-M37,$B5:M16,M37+2,FALSE)) -> 1.0211086
B39: CDF | C39: =PRODUCT(C$38:$M$38) -> 2.8896178 | D39: =PRODUCT(D$38:$M$38) -> 1.4325297 | E39: =PRODUCT(E$38:$M$38) -> 1.2051031 | F39: =PRODUCT(F$38:$M$38) -> 1.1284386 | G39: =PRODUCT(G$38:$M$38) -> 1.0923812 | H39: =PRODUCT(H$38:$M$38) -> 1.0682602 | I39: =PRODUCT(I$38:$M$38) -> 1.0528965 | J39: =PRODUCT(J$38:$M$38) -> 1.0410854 | ... M39: =PRODUCT(M$38:$M$38) -> 1.0211086
B41: Cumulative Amounts
B42: i/j | C42: 0 | D42: 1 | E42: =D42+1 -> 2 | F42: =E42+1 -> 3 | G42: =F42+1 -> 4 | H42: =G42+1 -> 5 | I42: =H42+1 -> 6 | J42: =I42+1 -> 7 | K42: =J42+1 -> 8 | L42: =K42+1 -> 9 | M42: =L42+1 -> 10 | N42: 11
B43: 0 | C43: =C5 -> 28446.238 | D43: =D5 -> 57697.432 | E43: =E5 -> 70161.415 | F43: =F5 -> 75305.501 | G43: =G5 -> 78032.449 | H43: =H5 -> 80391.811 | I43: =I5 -> 81725.667 | J43: =J5 -> 82964.097 | ... N43: =N5 -> 86842.701
B44: =B43+1 -> 1 | C44: =C6 -> 31963.048 | D44: =D6 -> 68069.343 | E44: =E6 -> 81510.677 | F44: =F6 -> 87378.911 | G44: =G6 -> 90260.884 | H44: =H6 -> 92682.871 | I44: =I6 -> 93600.876 | J44: =J6 -> 94676.854 | ... M44: =M6 -> 96325.022 | N44: =M44*M$38 -> 98358.305
B45: =B44+1 -> 2 | C45: =C7 -> 37774.74 | D45: =D7 -> 77900.131 | E45: =E7 -> 90851.307 | F45: =F7 -> 96885.063 | G45: =G7 -> 99894.719 | H45: =H7 -> 101159.11 | I45: =I7 -> 102409.07 | J45: =J7 -> 103543.77 | ... L45: =L7 -> 105007.48 | M45: =L45*L$38 -> 105436.59 | N45: =M45*M$38 -> 107662.2
B46: =B45+1 -> 3 | C46: =C8 -> 40417.572 | D46: =D8 -> 84916.514 | E46: =E8 -> 100286.94 | F46: =F8 -> 105880.79 | G46: =G8 -> 108496.31 | H46: =H8 -> 110480.62 | I46: =I8 -> 112617.42 | J46: =J8 -> 113801.78 | K46: =K8 -> 114674.41 | L46: =K46*K$38 -> 115433.17 | M46: =L46*L$38 -> 115904.87 | N46: =M46*M$38 -> 118351.46
B47: =B46+1 -> 4 | C47: =C9 -> 44116.086 | D47: =D9 -> 89606.275 | E47: =E9 -> 104945.7 | F47: =F9 -> 110423.78 | G47: =G9 -> 112964.42 | H47: =H9 -> 115870.79 | I47: =I9 -> 117165.12 | J47: =J9 -> 118289.46 | K47: =J47*J$38 -> 119323.31 | L47: =K47*K$38 -> 120112.83 | M47: =L47*L$38 -> 120603.66 | N47: =M47*M$38 -> 123149.43
B48: =B47+1 -> 5 | C48: =C10 -> 50294.26 | D48: =D10 -> 98334.581 | E48: =E10 -> 116177.48 | F48: =F10 -> 123212.68 | G48: =G10 -> 127146.29 | H48: =H10 -> 129871.97 | I48: =I10 -> 132138.57 | J48: =I48*I$38 -> 133637.69 | K48: =J48*J$38 -> 134805.68 | L48: =K48*K$38 -> 135697.64 | M48: =L48*L$38 -> 136252.15 | N48: =M48*M$38 -> 139128.24
B49: =B48+1 -> 6 | C49: =C11 -> 49619.804 | D49: =D11 -> 99611.162 | E49: =E11 -> 119181.37 | F49: =F11 -> 129228.43 | G49: =G11 -> 134978.32 | H49: =H11 -> 138291.01 | I49: =H49*H$38 -> 140308.94 | J49: =I49*I$38 -> 141900.75 | K49: =J49*J$38 -> 143140.96 | L49: =K49*K$38 -> 144088.07 | M49: =L49*L$38 -> 144676.87 | N49: =M49*M$38 -> 147730.79
B50: =B49+1 -> 7 | C50: =C12 -> 46409.721 | D50: =D12 -> 96104.016 | E50: =E12 -> 116984.68 | F50: =F12 -> 125186.24 | G50: =G12 -> 129900.41 | H50: =G50*G$38 -> 132833.52 | I50: =H50*H$38 -> 134771.81 | J50: =I50*I$38 -> 136300.8 | K50: =J50*J$38 -> 137492.07 | L50: =K50*K$38 -> 138401.8 | M50: =L50*L$38 -> 138967.37 | N50: =M50*M$38 -> 141900.77
B51: =B50+1 -> 8 | C51: =C13 -> 48294.758 | D51: =D13 -> 97648.347 | E51: =E13 -> 115952.59 | F51: =F13 -> 124786.08 | G51: =F51*F$38 -> 128905.02 | H51: =G51*G$38 -> 131815.66 | I51: =H51*H$38 -> 133739.1 | J51: =I51*I$38 -> 135256.37 | K51: =J51*J$38 -> 136438.51 | L51: =K51*K$38 -> 137341.27 | M51: =L51*L$38 -> 137902.5 | N51: =M51*M$38 -> 140813.43
B52: =B51+1 -> 9 | C52: =C14 -> 52590.22 | D52: =D14 -> 103196.04 | E52: =E14 -> 121799.75 | F52: =E52*E$38 -> 130074.66 | G52: =F52*F$38 -> 134368.17 | H52: =G52*G$38 -> 137402.16 | I52: =H52*H$38 -> 139407.11 | J52: =I52*I$38 -> 140988.69 | K52: =J52*J$38 -> 142220.93 | L52: =K52*K$38 -> 143161.96 | M52: =L52*L$38 -> 143746.97 | N52: =M52*M$38 -> 146781.26
B53: =B52+1 -> 10 | C53: =C15 -> 58599 | D53: =D15 -> 112342 | E53: =D53*D$38 -> 133543.14 | F53: =E53*E$38 -> 142615.88 | G53: =F53*F$38 -> 147323.35 | H53: =G53*G$38 -> 150649.86 | I53: =H53*H$38 -> 152848.13 | J53: =I53*I$38 -> 154582.19 | K53: =J53*J$38 -> 155933.24 | L53: =K53*K$38 -> 156964.99 | ... N53: =M53*M$38 -> 160933.26
B54: =B53+1 -> 11 | C54: =C16 -> 60361.276 | D54: =C54*C$38 -> 121757.34 | E54: =D54*D$38 -> 144735.35 | F54: =E54*E$38 -> 154568.47 | G54: =F54*F$38 -> 159670.47 | H54: =G54*G$38 -> 163275.78 | I54: =H54*H$38 -> 165658.28 | J54: =I54*I$38 -> 167537.67 | K54: =J54*J$38 -> 169001.95 | ... N54: =M54*M$38 -> 174421.02
E57: Weighted Squared Deviations
C58: DY
B59: i/j | C59: 0 | D59: 1 | E59: 2 | F59: 3 | G59: 4 | H59: 5 | I59: 6 | J59: 7 | K59: 8 | L59: 9 | M59: 10 | N59: 11
B60: 0 | C60: =C5*(C24-C$38)^2 -> 3.5391093 | D60: =D5*(D24-D$38)^2 -> 43.01251 | E60: =E5*(E24-E$38)^2 -> 2.030212 | F60: =F5*(F24-F$38)^2 -> 0.77294894 | G60: =G5*(G24-G$38)^2 -> 4.5737961 | H60: =H5*(H24-H$38)^2 -> 0.32158664 | I60: =I5*(I24-I$38)^2 -> 1.185389 | J60: =J5*(J24-J$38)^2 -> 0.56410131 | ... M60: =M5*(M24-M$38)^2 -> 0
B61: =B60+1 -> 1 | C61: =C6*(C25-C$38)^2 -> 404.40887 | D61: =D6*(D25-D$38)^2 -> 5.2063778 | E61: =E6*(E25-E$38)^2 -> 1.3401688 | F61: =F6*(F25-F$38)^2 -> 5.706727e-05 | G61: =G6*(G25-G$38)^2 -> 1.6330363 | H61: =H6*(H25-H$38)^2 -> 2.0361356 | I61: =I6*(I25-I$38)^2 -> 0.0021162108 | J61: =J6*(J25-J$38)^2 -> 0.092803751 | ... L61: =L6*(L25-L$38)^2 -> 0.043414982
B62: =B61+1 -> 2 | C62: =C7*(C26-C$38)^2 -> 76.782375 | D62: =D7*(D26-D$38)^2 -> 39.318047 | E62: =E7*(E26-E$38)^2 -> 0.21131248 | F62: =F7*(F26-F$38)^2 -> 0.36608058 | G62: =G7*(G26-G$38)^2 -> 9.8350173 | H62: =H7*(H26-H$38)^2 -> 0.50557406 | I62: =I7*(I26-I$38)^2 -> 0.007185791 | J62: =J7*(J26-J$38)^2 -> 3.5052603e-06 | K62: =K7*(K26-K$38)^2 -> 0.16619713
B63: =B62+1 -> 3 | C63: =C8*(C27-C$38)^2 -> 284.07912 | D63: =D8*(D27-D$38)^2 -> 5.0521767 | E63: =E8*(E27-E$38)^2 -> 14.829313 | F63: =F8*(F27-F$38)^2 -> 7.3039084 | G63: =G8*(G27-G$38)^2 -> 1.9972128 | H63: =H8*(H27-H$38)^2 -> 2.4917866 | I63: =I8*(I27-I$38)^2 -> 0.07728299 | J63: =J8*(J27-J$38)^2 -> 0.13077887
B64: =B63+1 -> 4 | C64: =C9*(C28-C$38)^2 -> 8.6518646 | D64: =D9*(D28-D$38)^2 -> 27.544514 | E64: =E9*(E28-E$38)^2 -> 25.998281 | F64: =F9*(F28-F$38)^2 -> 11.042248 | G64: =G9*(G28-G$38)^2 -> 1.1198216 | H64: =H9*(H28-H$38)^2 -> 1.3563415 | I64: =I9*(I28-I$38)^2 -> 0.35834919
B65: =B64+1 -> 5 | C65: =C10*(C29-C$38)^2 -> 193.07138 | D65: =D10*(D29-D$38)^2 -> 5.1954261 | E65: =E10*(E29-E$38)^2 -> 6.3326854 | F65: =F10*(F29-F$38)^2 -> 0.14443252 | G65: =G10*(G29-G$38)^2 -> 0.16590715 | H65: =H10*(H29-H$38)^2 -> 1.0628148
B66: =B65+1 -> 6 | C66: =C11*(C30-C$38)^2 -> 4.625808 | D66: =D11*(D30-D$38)^2 -> 5.977221 | E66: =E11*(E30-E$38)^2 -> 31.906784 | F66: =F11*(F30-F$38)^2 -> 17.048801 | G66: =G11*(G30-G$38)^2 -> 0.51997164
B67: =B66+1 -> 7 | C67: =C12*(C31-C$38)^2 -> 133.483 | D67: =D12*(D31-D$38)^2 -> 78.344977 | E67: =E12*(E31-E$38)^2 -> 0.55054215 | F67: =F12*(F31-F$38)^2 -> 2.7059236
B68: =B67+1 -> 8 | C68: =C13*(C32-C$38)^2 -> 1.1039402 | D68: =D13*(D32-D$38)^2 -> 0.15724856 | E68: =E13*(E32-E$38)^2 -> 7.8791554
B69: =B68+1 -> 9 | C69: =C14*(C33-C$38)^2 -> 158.37221 | D69: =D14*(D33-D$38)^2 -> 7.3583315
B70: =B69+1 -> 10 | C70: =C15*(C34-C$38)^2 -> 586.12628
B71: =B70+1 -> 11
B73: σ^2 | C73: =SUM(C60:C71)/(11-C$59-1) -> 185.4244 | D73: =SUM(D60:D71)/(11-D$59-1) -> 24.129648 | E73: =SUM(E60:E71)/(11-E$59-1) -> 11.384807 | F73: =SUM(F60:F71)/(11-F$59-1) -> 5.6263428 | G73: =SUM(G60:G71)/(11-G$59-1) -> 3.3074605 | H73: =SUM(H60:H71)/(11-H$59-1) -> 1.5548478 | I73: =SUM(I60:I71)/(11-I$59-1) -> 0.40758079 | J73: =SUM(J60:J71)/(11-J$59-1) -> 0.26256248 | ... L73: =SUM(L60:L71)/(11-L$59-1) -> 0.092516741 | M73: =MIN(L73,K73,L73^2/K73) -> 0.010778008
B74: σ^2/lambda^2 | C74: =C73/C38^2 -> 45.571504 | D74: =D73/D38^2 -> 17.076234 | E74: =E73/E38^2 -> 9.9823566 | F74: =F73/F38^2 -> 5.2725269 | G74: =G73/G38^2 -> 3.1630084 | H74: =H73/H38^2 -> 1.5104457 | I74: =I73/I38^2 -> 0.3984878 | J74: =J73/J38^2 -> 0.25803236 | ... M74: =M73/M38^2 -> 0.010337004
C76: Component Process Variance
B77: i/j | C77: 0 | D77: =D59 -> 1 | E77: =E59 -> 2 | F77: =F59 -> 3 | G77: =G59 -> 4 | H77: =H59 -> 5 | I77: =I59 -> 6 | J77: =J59 -> 7 | K77: =K59 -> 8 | ... N77: =N59 -> 11 | O77: Total
B78: 0
B79: =B78+1 -> 1 | N79: =M$74/M44 -> 1.073138e-07 | O79: =SUM(C79:N79) -> 1.073138e-07
B80: =B79+1 -> 2 | M80: =L$74/L45 -> 8.7389231e-07 | N80: =M$74/M45 -> 9.804001e-08 | O80: =SUM(C80:N80) -> 9.7193232e-07
B81: =B80+1 -> 3 | L81: =K$74/K46 -> 6.8345105e-06 | M81: =L$74/L46 -> 7.9496416e-07 | N81: =M$74/M46 -> 8.9185239e-08 | O81: =SUM(C81:N81) -> 7.7186599e-06
B82: =B81+1 -> 4 | K82: =J$74/J47 -> 2.1813639e-06 | L82: =K$74/K47 -> 6.5682343e-06 | M82: =L$74/L47 -> 7.6399194e-07 | N82: =M$74/M47 -> 8.5710536e-08 | O82: =SUM(C82:N82) -> 9.5993007e-06
B83: =B82+1 -> 5 | J83: =I$74/I48 -> 3.0156811e-06 | K83: =J$74/J48 -> 1.9308353e-06 | L83: =K$74/K48 -> 5.8138757e-06 | M83: =L$74/L48 -> 6.7624783e-07 | N83: =M$74/M48 -> 7.5866721e-08 | O83: =SUM(C83:N83) -> 1.1512507e-05
B84: =B83+1 -> 6 | I84: =H$74/H49 -> 1.0922226e-05 | J84: =I$74/I49 -> 2.8400742e-06 | K84: =J$74/J49 -> 1.8184003e-06 | L84: =K$74/K49 -> 5.4753263e-06 | M84: =L$74/L49 -> 6.3686905e-07 | N84: =M$74/M49 -> 7.1448905e-08 | O84: =SUM(C84:N84) -> 2.1764345e-05
B85: =B84+1 -> 7 | H85: =G$74/G50 -> 2.4349487e-05 | I85: =H$74/H50 -> 1.1370968e-05 | J85: =I$74/I50 -> 2.9567592e-06 | K85: =J$74/J50 -> 1.8931096e-06 | L85: =K$74/K50 -> 5.7002813e-06 | M85: =L$74/L50 -> 6.6303496e-07 | N85: =M$74/M50 -> 7.4384399e-08 | O85: =SUM(C85:N85) -> 4.7008025e-05
B86: =B85+1 -> 8 | G86: =F$74/F51 -> 4.2252524e-05 | H86: =G$74/G51 -> 2.4537511e-05 | I86: =H$74/H51 -> 1.1458773e-05 | J86: =I$74/I51 -> 2.9795909e-06 | K86: =J$74/J51 -> 1.907728e-06 | L86: =K$74/K51 -> 5.7442981e-06 | M86: =L$74/L51 -> 6.6815482e-07 | N86: =M$74/M51 -> 7.4958785e-08 | O86: =SUM(C86:N86) -> 8.9623539e-05
B87: =B86+1 -> 9 | F87: =E$74/E52 -> 8.1957117e-05 | G87: =F$74/F52 -> 4.053462e-05 | H87: =G$74/G52 -> 2.3539864e-05 | I87: =H$74/H52 -> 1.0992882e-05 | J87: =I$74/I52 -> 2.8584466e-06 | K87: =J$74/J52 -> 1.8301635e-06 | L87: =K$74/K52 -> 5.5107462e-06 | M87: =L$74/L52 -> 6.4098896e-07 | N87: =M$74/M52 -> 7.1911109e-08 | O87: =SUM(C87:N87) -> 0.00016793674
B88: =B87+1 -> 10 | E88: =D$74/D53 -> 0.00015200223 | F88: =E$74/E53 -> 7.475005e-05 | G88: =F$74/F53 -> 3.6970125e-05 | H88: =G$74/G53 -> 2.1469838e-05 | I88: =H$74/H53 -> 1.0026201e-05 | J88: =I$74/I53 -> 2.6070833e-06 | K88: =J$74/J53 -> 1.6692244e-06 | L88: =K$74/K53 -> 5.0261475e-06 | ... N88: =M$74/M53 -> 6.5587458e-08 | O88: =SUM(C88:N88) -> 0.00030517111
B89: =B88+1 -> 11 | D89: =C$74/C54 -> 0.00075497913 | E89: =D$74/D54 -> 0.00014024808 | F89: =E$74/E54 -> 6.8969721e-05 | G89: =F$74/F54 -> 3.4111271e-05 | H89: =G$74/G54 -> 1.9809602e-05 | I89: =H$74/H54 -> 9.2508869e-06 | J89: =I$74/I54 -> 2.4054808e-06 | K89: =J$74/J54 -> 1.5401453e-06 | ... N89: =M$74/M54 -> 6.0515661e-08 | O89: =SUM(C89:N89) -> 0.0010365517
C91: Component Estimation Variance
C92: 0 | D92: 1 | E92: =D92+1 -> 2 | F92: =E92+1 -> 3 | G92: =F92+1 -> 4 | H92: =G92+1 -> 5 | I92: =H92+1 -> 6 | J92: =I92+1 -> 7 | K92: =J92+1 -> 8 | L92: =K92+1 -> 9 | M92: =L92+1 -> 10
A93: VaR(lambda)/lambda^2 | C93: =C74/(SUM(C5:C16)-VLOOKUP(11-C92,$B5:C16,C92+2,FALSE)) -> 9.3283787e-05 | D93: =D74/(SUM(D5:D16)-VLOOKUP(11-D92,$B5:D16,D92+2,FALSE)) -> 1.9558527e-05 | E93: =E74/(SUM(E5:E16)-VLOOKUP(11-E92,$B5:E16,E92+2,FALSE)) -> 1.0897149e-05 | F93: =F74/(SUM(F5:F16)-VLOOKUP(11-F92,$B5:F16,F92+2,FALSE)) -> 6.1775257e-06 | G93: =G74/(SUM(G5:G16)-VLOOKUP(11-G92,$B5:G16,G92+2,FALSE)) -> 4.2073961e-06 | H93: =H74/(SUM(H5:H16)-VLOOKUP(11-H92,$B5:H16,H92+2,FALSE)) -> 2.3957944e-06 | I93: =I74/(SUM(I5:I16)-VLOOKUP(11-I92,$B5:I16,I92+2,FALSE)) -> 7.8516954e-07 | J93: =J74/(SUM(J5:J16)-VLOOKUP(11-J92,$B5:J16,J92+2,FALSE)) -> 6.532688e-07 | ... M93: =M74/(SUM(M5:M16)-VLOOKUP(11-M92,$B5:M16,M92+2,FALSE)) -> 1.2154393e-07
B94: Cumulate | C94: =SUM(C93:$M93) -> 0.00014135013 | D94: =SUM(D93:$M93) -> 4.8066344e-05 | E94: =SUM(E93:$M93) -> 2.8507816e-05 | F94: =SUM(F93:$M93) -> 1.7610668e-05 | G94: =SUM(G93:$M93) -> 1.1433142e-05 | H94: =SUM(H93:$M93) -> 7.2257457e-06 | I94: =SUM(I93:$M93) -> 4.8299513e-06 | J94: =SUM(J93:$M93) -> 4.0447818e-06 | ... M94: =SUM(M93:$M93) -> 1.2154393e-07
C96: Claim Reserve | E96: Lognormal Assumption
C97: Expected Value | E97: mean log
C98: =W16 -> 245314.66 | E98: =LN(C98^2/(C98^2+C100+2)^0.5) -> 12.410297
C99: Prediction Error | E99: st dev log
C100: =AC17 -> 8296.2607 | E100: =SQRT(LN(C100^2/C98^2+1)) -> 0.03380919
C103: Quantile | D103: CDF | E103: PDF
C104: =_xlfn.LOGNORM.INV(D104,$E$98,$E$100) -> 220978.06 | D104: 0.001 | E104: =_xlfn.LOGNORM.DIST(C104,$E$98,$E$100,FALSE) -> 4.5068263e-07
C105: =_xlfn.LOGNORM.INV(D105,$E$98,$E$100) -> 223551.41 | D105: 0.003 | E105: =_xlfn.LOGNORM.DIST(C105,$E$98,$E$100,FALSE) -> 1.210516e-06
C106: =_xlfn.LOGNORM.INV(D106,$E$98,$E$100) -> 224275.97 | D106: 0.004 | E106: =_xlfn.LOGNORM.DIST(C106,$E$98,$E$100,FALSE) -> 1.5624028e-06
C107: =_xlfn.LOGNORM.INV(D107,$E$98,$E$100) -> 224854.82 | D107: 0.005 | E107: =_xlfn.LOGNORM.DIST(C107,$E$98,$E$100,FALSE) -> 1.9020573e-06
C108: =_xlfn.LOGNORM.INV(D108,$E$98,$E$100) -> 226759.44 | D108: =D107+0.005 -> 0.01 | E108: =_xlfn.LOGNORM.DIST(C108,$E$98,$E$100,FALSE) -> 3.4764179e-06
C109: =_xlfn.LOGNORM.INV(D109,$E$98,$E$100) -> 227960.57 | D109: =D108+0.005 -> 0.015 | E109: =_xlfn.LOGNORM.DIST(C109,$E$98,$E$100,FALSE) -> 4.9136674e-06
C110: =_xlfn.LOGNORM.INV(D110,$E$98,$E$100) -> 228858.99 | D110: =D109+0.005 -> 0.02 | E110: =_xlfn.LOGNORM.DIST(C110,$E$98,$E$100,FALSE) -> 6.2575642e-06
C111: =_xlfn.LOGNORM.INV(D111,$E$98,$E$100) -> 229585.81 | D111: =D110+0.005 -> 0.025 | E111: =_xlfn.LOGNORM.DIST(C111,$E$98,$E$100,FALSE) -> 7.5295336e-06
...

Sheet Mack_Metodo 2
E2: Cumulative paid claim amount
C3: DY
B4: AY | C4: 0 | D4: 1 | E4: 2 | F4: 3 | G4: 4 | H4: 5 | I4: 6 | J4: 7 | K4: 8 | L4: 9 | M4: 10 | N4: 11
B5: 2009 | C5: =Mack_Metodo1!C5 -> 28446.238 | D5: =Mack_Metodo1!D5 -> 57697.432 | E5: =Mack_Metodo1!E5 -> 70161.415 | F5: =Mack_Metodo1!F5 -> 75305.501 | G5: =Mack_Metodo1!G5 -> 78032.449 | H5: =Mack_Metodo1!H5 -> 80391.811 | I5: =Mack_Metodo1!I5 -> 81725.667 | J5: =Mack_Metodo1!J5 -> 82964.097 | ... N5: =Mack_Metodo1!N5 -> 86842.701
B6: 2010 | C6: =Mack_Metodo1!C6 -> 31963.048 | D6: =Mack_Metodo1!D6 -> 68069.343 | E6: =Mack_Metodo1!E6 -> 81510.677 | F6: =Mack_Metodo1!F6 -> 87378.911 | G6: =Mack_Metodo1!G6 -> 90260.884 | H6: =Mack_Metodo1!H6 -> 92682.871 | I6: =Mack_Metodo1!I6 -> 93600.876 | J6: =Mack_Metodo1!J6 -> 94676.854 | ... M6: =Mack_Metodo1!M6 -> 96325.022
B7: 2011 | C7: =Mack_Metodo1!C7 -> 37774.74 | D7: =Mack_Metodo1!D7 -> 77900.131 | E7: =Mack_Metodo1!E7 -> 90851.307 | F7: =Mack_Metodo1!F7 -> 96885.063 | G7: =Mack_Metodo1!G7 -> 99894.719 | H7: =Mack_Metodo1!H7 -> 101159.11 | I7: =Mack_Metodo1!I7 -> 102409.07 | J7: =Mack_Metodo1!J7 -> 103543.77 | ... L7: =Mack_Metodo1!L7 -> 105007.48
B8: 2012 | C8: =Mack_Metodo1!C8 -> 40417.572 | D8: =Mack_Metodo1!D8 -> 84916.514 | E8: =Mack_Metodo1!E8 -> 100286.94 | F8: =Mack_Metodo1!F8 -> 105880.79 | G8: =Mack_Metodo1!G8 -> 108496.31 | H8: =Mack_Metodo1!H8 -> 110480.62 | I8: =Mack_Metodo1!I8 -> 112617.42 | J8: =Mack_Metodo1!J8 -> 113801.78 | K8: =Mack_Metodo1!K8 -> 114674.41
B9: 2013 | C9: =Mack_Metodo1!C9 -> 44116.086 | D9: =Mack_Metodo1!D9 -> 89606.275 | E9: =Mack_Metodo1!E9 -> 104945.7 | F9: =Mack_Metodo1!F9 -> 110423.78 | G9: =Mack_Metodo1!G9 -> 112964.42 | H9: =Mack_Metodo1!H9 -> 115870.79 | I9: =Mack_Metodo1!I9 -> 117165.12 | J9: =Mack_Metodo1!J9 -> 118289.46
B10: 2014 | C10: =Mack_Metodo1!C10 -> 50294.26 | D10: =Mack_Metodo1!D10 -> 98334.581 | E10: =Mack_Metodo1!E10 -> 116177.48 | F10: =Mack_Metodo1!F10 -> 123212.68 | G10: =Mack_Metodo1!G10 -> 127146.29 | H10: =Mack_Metodo1!H10 -> 129871.97 | I10: =Mack_Metodo1!I10 -> 132138.57
B11: 2015 | C11: =Mack_Metodo1!C11 -> 49619.804 | D11: =Mack_Metodo1!D11 -> 99611.162 | E11: =Mack_Metodo1!E11 -> 119181.37 | F11: =Mack_Metodo1!F11 -> 129228.43 | G11: =Mack_Metodo1!G11 -> 134978.32 | H11: =Mack_Metodo1!H11 -> 138291.01
B12: 2016 | C12: =Mack_Metodo1!C12 -> 46409.721 | D12: =Mack_Metodo1!D12 -> 96104.016 | E12: =Mack_Metodo1!E12 -> 116984.68 | F12: =Mack_Metodo1!F12 -> 125186.24 | G12: =Mack_Metodo1!G12 -> 129900.41
B13: 2017 | C13: =Mack_Metodo1!C13 -> 48294.758 | D13: =Mack_Metodo1!D13 -> 97648.347 | E13: =Mack_Metodo1!E13 -> 115952.59 | F13: =Mack_Metodo1!F13 -> 124786.08
B14: 2018 | C14: =Mack_Metodo1!C14 -> 52590.22 | D14: =Mack_Metodo1!D14 -> 103196.04 | E14: =Mack_Metodo1!E14 -> 121799.75
B15: 2019 | C15: =Mack_Metodo1!C15 -> 58599 | D15: =Mack_Metodo1!D15 -> 112342
B16: 2020 | C16: =Mack_Metodo1!C16 -> 60361.276
E21: Link ratios (a.k.a. age-to-age factors)
C22: DY
B23: AY | C23: 0 | D23: 1 | E23: 2 | F23: 3 | G23: 4 | H23: 5 | I23: 6 | J23: 7 | K23: 8 | L23: 9 | M23: 10 | N23: 11
B24: 2009 | C24: =IFERROR(IF(D5<>"",IF($B24+C$23 <= LatestYear,D5/C5,""),""),"") -> 2.0282974 | D24: =IFERROR(IF(E5<>"",IF($B24+D$23 <= LatestYear,E5/D5,""),""),"") -> 1.2160232 | E24: =IFERROR(IF(F5<>"",IF($B24+E$23 <= LatestYear,F5/E5,""),""),"") -> 1.0733179 | F24: =IFERROR(IF(G5<>"",IF($B24+F$23 <= LatestYear,G5/F5,""),""),"") -> 1.0362118 | G24: =IFERROR(IF(H5<>"",IF($B24+G$23 <= LatestYear,H5/G5,""),""),"") -> 1.0302357 | H24: =IFERROR(IF(I5<>"",IF($B24+H$23 <= LatestYear,I5/H5,""),""),"") -> 1.0165919 | I24: =IFERROR(IF(J5<>"",IF($B24+I$23 <= LatestYear,J5/I5,""),""),"") -> 1.0151535 | J24: =IFERROR(IF(K5<>"",IF($B24+J$23 <= LatestYear,K5/J5,""),""),"") -> 1.0113476 | ... N24: =IFERROR(IF(O5<>"",IF($B24+N$23 <= LatestYear,O5/N5,""),""),"")
B25: 2010 | C25: =IFERROR(IF(D6<>"",IF($B25+C$23 <= LatestYear,D6/C6,""),""),"") -> 2.1296262 | D25: =IFERROR(IF(E6<>"",IF($B25+D$23 <= LatestYear,E6/D6,""),""),"") -> 1.1974653 | E25: =IFERROR(IF(F6<>"",IF($B25+E$23 <= LatestYear,F6/E6,""),""),"") -> 1.0719934 | F25: =IFERROR(IF(G6<>"",IF($B25+F$23 <= LatestYear,G6/F6,""),""),"") -> 1.0329825 | G25: =IFERROR(IF(H6<>"",IF($B25+G$23 <= LatestYear,H6/G6,""),""),"") -> 1.0268332 | H25: =IFERROR(IF(I6<>"",IF($B25+H$23 <= LatestYear,I6/H6,""),""),"") -> 1.0099048 | I25: =IFERROR(IF(J6<>"",IF($B25+I$23 <= LatestYear,J6/I6,""),""),"") -> 1.0114954 | J25: =IFERROR(IF(K6<>"",IF($B25+J$23 <= LatestYear,K6/J6,""),""),"") -> 1.00775 | ... N25: =IFERROR(IF(O6<>"",IF($B25+N$23 <= LatestYear,O6/N6,""),""),"")
B26: 2011 | C26: =IFERROR(IF(D7<>"",IF($B26+C$23 <= LatestYear,D7/C7,""),""),"") -> 2.0622281 | D26: =IFERROR(IF(E7<>"",IF($B26+D$23 <= LatestYear,E7/D7,""),""),"") -> 1.1662536 | E26: =IFERROR(IF(F7<>"",IF($B26+E$23 <= LatestYear,F7/E7,""),""),"") -> 1.0664135 | F26: =IFERROR(IF(G7<>"",IF($B26+F$23 <= LatestYear,G7/F7,""),""),"") -> 1.0310642 | G26: =IFERROR(IF(H7<>"",IF($B26+G$23 <= LatestYear,H7/G7,""),""),"") -> 1.0126573 | H26: =IFERROR(IF(I7<>"",IF($B26+H$23 <= LatestYear,I7/H7,""),""),"") -> 1.0123563 | I26: =IFERROR(IF(J7<>"",IF($B26+I$23 <= LatestYear,J7/I7,""),""),"") -> 1.0110801 | J26: =IFERROR(IF(K7<>"",IF($B26+J$23 <= LatestYear,K7/J7,""),""),"") -> 1.0087342 | ... N26: =IFERROR(IF(O7<>"",IF($B26+N$23 <= LatestYear,O7/N7,""),""),"")
B27: 2012 | C27: =IFERROR(IF(D8<>"",IF($B27+C$23 <= LatestYear,D8/C8,""),""),"") -> 2.1009801 | D27: =IFERROR(IF(E8<>"",IF($B27+D$23 <= LatestYear,E8/D8,""),""),"") -> 1.1810063 | E27: =IFERROR(IF(F8<>"",IF($B27+E$23 <= LatestYear,F8/E8,""),""),"") -> 1.0557785 | F27: =IFERROR(IF(G8<>"",IF($B27+F$23 <= LatestYear,G8/F8,""),""),"") -> 1.0247025 | G27: =IFERROR(IF(H8<>"",IF($B27+G$23 <= LatestYear,H8/G8,""),""),"") -> 1.0182892 | H27: =IFERROR(IF(I8<>"",IF($B27+H$23 <= LatestYear,I8/H8,""),""),"") -> 1.019341 | I27: =IFERROR(IF(J8<>"",IF($B27+I$23 <= LatestYear,J8/I8,""),""),"") -> 1.0105166 | J27: =IFERROR(IF(K8<>"",IF($B27+J$23 <= LatestYear,K8/J8,""),""),"") -> 1.007668 | ... N27: =IFERROR(IF(O8<>"",IF($B27+N$23 <= LatestYear,O8/N8,""),""),"")
B28: 2013 | C28: =IFERROR(IF(D9<>"",IF($B28+C$23 <= LatestYear,D9/C9,""),""),"") -> 2.0311475 | D28: =IFERROR(IF(E9<>"",IF($B28+D$23 <= LatestYear,E9/D9,""),""),"") -> 1.171187 | E28: =IFERROR(IF(F9<>"",IF($B28+E$23 <= LatestYear,F9/E9,""),""),"") -> 1.0521992 | F28: =IFERROR(IF(G9<>"",IF($B28+F$23 <= LatestYear,G9/F9,""),""),"") -> 1.0230081 | G28: =IFERROR(IF(H9<>"",IF($B28+G$23 <= LatestYear,H9/G9,""),""),"") -> 1.0257282 | H28: =IFERROR(IF(I9<>"",IF($B28+H$23 <= LatestYear,I9/H9,""),""),"") -> 1.0111705 | I28: =IFERROR(IF(J9<>"",IF($B28+I$23 <= LatestYear,J9/I9,""),""),"") -> 1.0095962 | J28: =IFERROR(IF(K9<>"",IF($B28+J$23 <= LatestYear,K9/J9,""),""),"") | ... N28: =IFERROR(IF(O9<>"",IF($B28+N$23 <= LatestYear,O9/N9,""),""),"")
B29: 2014 | C29: =IFERROR(IF(D10<>"",IF($B29+C$23 <= LatestYear,D10/C10,""),""),"") -> 1.955185 | D29: =IFERROR(IF(E10<>"",IF($B29+D$23 <= LatestYear,E10/D10,""),""),"") -> 1.1814509 | E29: =IFERROR(IF(F10<>"",IF($B29+E$23 <= LatestYear,F10/E10,""),""),"") -> 1.0605556 | F29: =IFERROR(IF(G10<>"",IF($B29+F$23 <= LatestYear,G10/F10,""),""),"") -> 1.0319253 | G29: =IFERROR(IF(H10<>"",IF($B29+G$23 <= LatestYear,H10/G10,""),""),"") -> 1.0214374 | H29: =IFERROR(IF(I10<>"",IF($B29+H$23 <= LatestYear,I10/H10,""),""),"") -> 1.0174526 | I29: =IFERROR(IF(J10<>"",IF($B29+I$23 <= LatestYear,J10/I10,""),""),"") | J29: =IFERROR(IF(K10<>"",IF($B29+J$23 <= LatestYear,K10/J10,""),""),"") | ... N29: =IFERROR(IF(O10<>"",IF($B29+N$23 <= LatestYear,O10/N10,""),""),"")
B30: 2015 | C30: =IFERROR(IF(D11<>"",IF($B30+C$23 <= LatestYear,D11/C11,""),""),"") -> 2.007488 | D30: =IFERROR(IF(E11<>"",IF($B30+D$23 <= LatestYear,E11/D11,""),""),"") -> 1.196466 | E30: =IFERROR(IF(F11<>"",IF($B30+E$23 <= LatestYear,F11/E11,""),""),"") -> 1.0843007 | F30: =IFERROR(IF(G11<>"",IF($B30+F$23 <= LatestYear,G11/F11,""),""),"") -> 1.044494 | G30: =IFERROR(IF(H11<>"",IF($B30+G$23 <= LatestYear,H11/G11,""),""),"") -> 1.0245424 | H30: =IFERROR(IF(I11<>"",IF($B30+H$23 <= LatestYear,I11/H11,""),""),"") | I30: =IFERROR(IF(J11<>"",IF($B30+I$23 <= LatestYear,J11/I11,""),""),"") | J30: =IFERROR(IF(K11<>"",IF($B30+J$23 <= LatestYear,K11/J11,""),""),"") | ... N30: =IFERROR(IF(O11<>"",IF($B30+N$23 <= LatestYear,O11/N11,""),""),"")
B31: 2016 | C31: =IFERROR(IF(D12<>"",IF($B31+C$23 <= LatestYear,D12/C12,""),""),"") -> 2.0707734 | D31: =IFERROR(IF(E12<>"",IF($B31+D$23 <= LatestYear,E12/D12,""),""),"") -> 1.2172715 | E31: =IFERROR(IF(F12<>"",IF($B31+E$23 <= LatestYear,F12/E12,""),""),"") -> 1.070108 | F31: =IFERROR(IF(G12<>"",IF($B31+F$23 <= LatestYear,G12/F12,""),""),"") -> 1.0376572 | G31: =IFERROR(IF(H12<>"",IF($B31+G$23 <= LatestYear,H12/G12,""),""),"") | H31: =IFERROR(IF(I12<>"",IF($B31+H$23 <= LatestYear,I12/H12,""),""),"") | I31: =IFERROR(IF(J12<>"",IF($B31+I$23 <= LatestYear,J12/I12,""),""),"") | J31: =IFERROR(IF(K12<>"",IF($B31+J$23 <= LatestYear,K12/J12,""),""),"") | ... N31: =IFERROR(IF(O12<>"",IF($B31+N$23 <= LatestYear,O12/N12,""),""),"")
B32: 2017 | C32: =IFERROR(IF(D13<>"",IF($B32+C$23 <= LatestYear,D13/C13,""),""),"") -> 2.0219244 | D32: =IFERROR(IF(E13<>"",IF($B32+D$23 <= LatestYear,E13/D13,""),""),"") -> 1.1874506 | E32: =IFERROR(IF(F13<>"",IF($B32+E$23 <= LatestYear,F13/E13,""),""),"") -> 1.0761819 | F32: =IFERROR(IF(G13<>"",IF($B32+F$23 <= LatestYear,G13/F13,""),""),"") | G32: =IFERROR(IF(H13<>"",IF($B32+G$23 <= LatestYear,H13/G13,""),""),"") | H32: =IFERROR(IF(I13<>"",IF($B32+H$23 <= LatestYear,I13/H13,""),""),"") | I32: =IFERROR(IF(J13<>"",IF($B32+I$23 <= LatestYear,J13/I13,""),""),"") | J32: =IFERROR(IF(K13<>"",IF($B32+J$23 <= LatestYear,K13/J13,""),""),"") | ... N32: =IFERROR(IF(O13<>"",IF($B32+N$23 <= LatestYear,O13/N13,""),""),"")
B33: 2018 | C33: =IFERROR(IF(D14<>"",IF($B33+C$23 <= LatestYear,D14/C14,""),""),"") -> 1.9622667 | D33: =IFERROR(IF(E14<>"",IF($B33+D$23 <= LatestYear,E14/D14,""),""),"") -> 1.1802755 | E33: =IFERROR(IF(F14<>"",IF($B33+E$23 <= LatestYear,F14/E14,""),""),"") | F33: =IFERROR(IF(G14<>"",IF($B33+F$23 <= LatestYear,G14/F14,""),""),"") | G33: =IFERROR(IF(H14<>"",IF($B33+G$23 <= LatestYear,H14/G14,""),""),"") | H33: =IFERROR(IF(I14<>"",IF($B33+H$23 <= LatestYear,I14/H14,""),""),"") | I33: =IFERROR(IF(J14<>"",IF($B33+I$23 <= LatestYear,J14/I14,""),""),"") | J33: =IFERROR(IF(K14<>"",IF($B33+J$23 <= LatestYear,K14/J14,""),""),"") | ... N33: =IFERROR(IF(O14<>"",IF($B33+N$23 <= LatestYear,O14/N14,""),""),"")
B34: 2019 | C34: =IFERROR(IF(D15<>"",IF($B34+C$23 <= LatestYear,D15/C15,""),""),"") -> 1.9171317 | D34: =IFERROR(IF(E15<>"",IF($B34+D$23 <= LatestYear,E15/D15,""),""),"") | E34: =IFERROR(IF(F15<>"",IF($B34+E$23 <= LatestYear,F15/E15,""),""),"") | F34: =IFERROR(IF(G15<>"",IF($B34+F$23 <= LatestYear,G15/F15,""),""),"") | G34: =IFERROR(IF(H15<>"",IF($B34+G$23 <= LatestYear,H15/G15,""),""),"") | H34: =IFERROR(IF(I15<>"",IF($B34+H$23 <= LatestYear,I15/H15,""),""),"") | I34: =IFERROR(IF(J15<>"",IF($B34+I$23 <= LatestYear,J15/I15,""),""),"") | J34: =IFERROR(IF(K15<>"",IF($B34+J$23 <= LatestYear,K15/J15,""),""),"") | ... N34: =IFERROR(IF(O15<>"",IF($B34+N$23 <= LatestYear,O15/N15,""),""),"")
B35: 2020 | C35: =IFERROR(IF(D16<>"",IF($B35+C$23 <= LatestYear,D16/C16,""),""),"") | D35: =IFERROR(IF(E16<>"",IF($B35+D$23 <= LatestYear,E16/D16,""),""),"") | E35: =IFERROR(IF(F16<>"",IF($B35+E$23 <= LatestYear,F16/E16,""),""),"") | F35: =IFERROR(IF(G16<>"",IF($B35+F$23 <= LatestYear,G16/F16,""),""),"") | G35: =IFERROR(IF(H16<>"",IF($B35+G$23 <= LatestYear,H16/G16,""),""),"") | H35: =IFERROR(IF(I16<>"",IF($B35+H$23 <= LatestYear,I16/H16,""),""),"") | I35: =IFERROR(IF(J16<>"",IF($B35+I$23 <= LatestYear,J16/I16,""),""),"") | J35: =IFERROR(IF(K16<>"",IF($B35+J$23 <= LatestYear,K16/J16,""),""),"") | ... N35: =IFERROR(IF(O16<>"",IF($B35+N$23 <= LatestYear,O16/N16,""),""),"")
B37: Development factors | C37: 0->1 | D37: 1->2 | E37: 2->3 | F37: 3->4 | G37: 4->5 | H37: 5->6 | I37: 6->7 | J37: 7->8 | K37: 8->9 | L37: 9->10 | M37: 10->11
B38: Vol W Avg. | C38: {=IFERROR(MMULT(TRANSPOSE(OFFSET(C$23,1,0,COUNT(C$24:C$35))),OFFSET(C$4,1,0,COUNT(C$24:C$35)))/SUM(OFFSET(C$4,1,0,COUNT(C$24:C$35))),"")} -> 2.0171433 | D38: {=IFERROR(MMULT(TRANSPOSE(OFFSET(D$23,1,0,COUNT(D$24:D$35))),OFFSET(D$4,1,0,COUNT(D$24:D$35)))/SUM(OFFSET(D$4,1,0,COUNT(D$24:D$35))),"")} -> 1.1887196 | E38: {=IFERROR(MMULT(TRANSPOSE(OFFSET(E$23,1,0,COUNT(E$24:E$35))),OFFSET(E$4,1,0,COUNT(E$24:E$35)))/SUM(OFFSET(E$4,1,0,COUNT(E$24:E$35))),"")} -> 1.0679386 | F38: {=IFERROR(MMULT(TRANSPOSE(OFFSET(F$23,1,0,COUNT(F$24:F$35))),OFFSET(F$4,1,0,COUNT(F$24:F$35)))/SUM(OFFSET(F$4,1,0,COUNT(F$24:F$35))),"")} -> 1.033008 | G38: {=IFERROR(MMULT(TRANSPOSE(OFFSET(G$23,1,0,COUNT(G$24:G$35))),OFFSET(G$4,1,0,COUNT(G$24:G$35)))/SUM(OFFSET(G$4,1,0,COUNT(G$24:G$35))),"")} -> 1.0225797 | H38: {=IFERROR(MMULT(TRANSPOSE(OFFSET(H$23,1,0,COUNT(H$24:H$35))),OFFSET(H$4,1,0,COUNT(H$24:H$35)))/SUM(OFFSET(H$4,1,0,COUNT(H$24:H$35))),"")} -> 1.0145919 | I38: {=IFERROR(MMULT(TRANSPOSE(OFFSET(I$23,1,0,COUNT(I$24:I$35))),OFFSET(I$4,1,0,COUNT(I$24:I$35)))/SUM(OFFSET(I$4,1,0,COUNT(I$24:I$35))),"")} -> 1.011345 | J38: {=IFERROR(MMULT(TRANSPOSE(OFFSET(J$23,1,0,COUNT(J$24:J$35))),OFFSET(J$4,1,0,COUNT(J$24:J$35)))/SUM(OFFSET(J$4,1,0,COUNT(J$24:J$35))),"")} -> 1.00874 | ... M38: {=IFERROR(MMULT(TRANSPOSE(OFFSET(M$23,1,0,COUNT(M$24:M$35))),OFFSET(M$4,1,0,COUNT(M$24:M$35)))/SUM(OFFSET(M$4,1,0,COUNT(M$24:M$35))),"")} -> 1.0211086 | N38: 1
B39: CDF | C39: =PRODUCT(C$38:$N$38) -> 2.8896178 | D39: =PRODUCT(D$38:$N$38) -> 1.4325297 | E39: =PRODUCT(E$38:$N$38) -> 1.2051031 | F39: =PRODUCT(F$38:$N$38) -> 1.1284386 | G39: =PRODUCT(G$38:$N$38) -> 1.0923812 | H39: =PRODUCT(H$38:$N$38) -> 1.0682602 | I39: =PRODUCT(I$38:$N$38) -> 1.0528965 | J39: =PRODUCT(J$38:$N$38) -> 1.0410854 | ... M39: =PRODUCT(M$38:$N$38) -> 1.0211086 | N39: 1
E41: Weighted Squared Deviations
C42: DY
B43: AY | C43: 0 | D43: 1 | E43: 2 | F43: 3 | G43: 4 | H43: 5 | I43: 6 | J43: 7 | K43: 8 | L43: 9 | M43: 10 | N43: 11
B44: 2009 | C44: =IF($B44+C$43 < LatestYear,C5*(C24-C$38)^2,"") -> 3.5391093 | D44: =IF($B44+D$43 < LatestYear,D5*(D24-D$38)^2,"") -> 43.01251 | E44: =IF($B44+E$43 < LatestYear,E5*(E24-E$38)^2,"") -> 2.030212 | F44: =IF($B44+F$43 < LatestYear,F5*(F24-F$38)^2,"") -> 0.77294894 | G44: =IF($B44+G$43 < LatestYear,G5*(G24-G$38)^2,"") -> 4.5737961 | H44: =IF($B44+H$43 < LatestYear,H5*(H24-H$38)^2,"") -> 0.32158664 | I44: =IF($B44+I$43 < LatestYear,I5*(I24-I$38)^2,"") -> 1.185389 | J44: =IF($B44+J$43 < LatestYear,J5*(J24-J$38)^2,"") -> 0.56410131 | ... N44: =IF($B44+N$43 < LatestYear,N5*(N24-N$38)^2,"")
B45: 2010 | C45: =IF($B45+C$43 < LatestYear,C6*(C25-C$38)^2,"") -> 404.40887 | D45: =IF($B45+D$43 < LatestYear,D6*(D25-D$38)^2,"") -> 5.2063778 | E45: =IF($B45+E$43 < LatestYear,E6*(E25-E$38)^2,"") -> 1.3401688 | F45: =IF($B45+F$43 < LatestYear,F6*(F25-F$38)^2,"") -> 5.706727e-05 | G45: =IF($B45+G$43 < LatestYear,G6*(G25-G$38)^2,"") -> 1.6330363 | H45: =IF($B45+H$43 < LatestYear,H6*(H25-H$38)^2,"") -> 2.0361356 | I45: =IF($B45+I$43 < LatestYear,I6*(I25-I$38)^2,"") -> 0.0021162108 | J45: =IF($B45+J$43 < LatestYear,J6*(J25-J$38)^2,"") -> 0.092803751 | ... N45: =IF($B45+N$43 < LatestYear,N6*(N25-N$38)^2,"")
B46: 2011 | C46: =IF($B46+C$43 < LatestYear,C7*(C26-C$38)^2,"") -> 76.782375 | D46: =IF($B46+D$43 < LatestYear,D7*(D26-D$38)^2,"") -> 39.318047 | E46: =IF($B46+E$43 < LatestYear,E7*(E26-E$38)^2,"") -> 0.21131248 | F46: =IF($B46+F$43 < LatestYear,F7*(F26-F$38)^2,"") -> 0.36608058 | G46: =IF($B46+G$43 < LatestYear,G7*(G26-G$38)^2,"") -> 9.8350173 | H46: =IF($B46+H$43 < LatestYear,H7*(H26-H$38)^2,"") -> 0.50557406 | I46: =IF($B46+I$43 < LatestYear,I7*(I26-I$38)^2,"") -> 0.007185791 | J46: =IF($B46+J$43 < LatestYear,J7*(J26-J$38)^2,"") -> 3.5052603e-06 | ... N46: =IF($B46+N$43 < LatestYear,N7*(N26-N$38)^2,"")
B47: 2012 | C47: =IF($B47+C$43 < LatestYear,C8*(C27-C$38)^2,"") -> 284.07912 | D47: =IF($B47+D$43 < LatestYear,D8*(D27-D$38)^2,"") -> 5.0521767 | E47: =IF($B47+E$43 < LatestYear,E8*(E27-E$38)^2,"") -> 14.829313 | F47: =IF($B47+F$43 < LatestYear,F8*(F27-F$38)^2,"") -> 7.3039084 | G47: =IF($B47+G$43 < LatestYear,G8*(G27-G$38)^2,"") -> 1.9972128 | H47: =IF($B47+H$43 < LatestYear,H8*(H27-H$38)^2,"") -> 2.4917866 | I47: =IF($B47+I$43 < LatestYear,I8*(I27-I$38)^2,"") -> 0.07728299 | J47: =IF($B47+J$43 < LatestYear,J8*(J27-J$38)^2,"") -> 0.13077887 | ... N47: =IF($B47+N$43 < LatestYear,N8*(N27-N$38)^2,"")
B48: 2013 | C48: =IF($B48+C$43 < LatestYear,C9*(C28-C$38)^2,"") -> 8.6518646 | D48: =IF($B48+D$43 < LatestYear,D9*(D28-D$38)^2,"") -> 27.544514 | E48: =IF($B48+E$43 < LatestYear,E9*(E28-E$38)^2,"") -> 25.998281 | F48: =IF($B48+F$43 < LatestYear,F9*(F28-F$38)^2,"") -> 11.042248 | G48: =IF($B48+G$43 < LatestYear,G9*(G28-G$38)^2,"") -> 1.1198216 | H48: =IF($B48+H$43 < LatestYear,H9*(H28-H$38)^2,"") -> 1.3563415 | I48: =IF($B48+I$43 < LatestYear,I9*(I28-I$38)^2,"") -> 0.35834919 | J48: =IF($B48+J$43 < LatestYear,J9*(J28-J$38)^2,"") | ... N48: =IF($B48+N$43 < LatestYear,N9*(N28-N$38)^2,"")
B49: 2014 | C49: =IF($B49+C$43 < LatestYear,C10*(C29-C$38)^2,"") -> 193.07138 | D49: =IF($B49+D$43 < LatestYear,D10*(D29-D$38)^2,"") -> 5.1954261 | E49: =IF($B49+E$43 < LatestYear,E10*(E29-E$38)^2,"") -> 6.3326854 | F49: =IF($B49+F$43 < LatestYear,F10*(F29-F$38)^2,"") -> 0.14443252 | G49: =IF($B49+G$43 < LatestYear,G10*(G29-G$38)^2,"") -> 0.16590715 | H49: =IF($B49+H$43 < LatestYear,H10*(H29-H$38)^2,"") -> 1.0628148 | I49: =IF($B49+I$43 < LatestYear,I10*(I29-I$38)^2,"") | J49: =IF($B49+J$43 < LatestYear,J10*(J29-J$38)^2,"") | ... N49: =IF($B49+N$43 < LatestYear,N10*(N29-N$38)^2,"")
B50: 2015 | C50: =IF($B50+C$43 < LatestYear,C11*(C30-C$38)^2,"") -> 4.625808 | D50: =IF($B50+D$43 < LatestYear,D11*(D30-D$38)^2,"") -> 5.977221 | E50: =IF($B50+E$43 < LatestYear,E11*(E30-E$38)^2,"") -> 31.906784 | F50: =IF($B50+F$43 < LatestYear,F11*(F30-F$38)^2,"") -> 17.048801 | G50: =IF($B50+G$43 < LatestYear,G11*(G30-G$38)^2,"") -> 0.51997164 | H50: =IF($B50+H$43 < LatestYear,H11*(H30-H$38)^2,"") | I50: =IF($B50+I$43 < LatestYear,I11*(I30-I$38)^2,"") | J50: =IF($B50+J$43 < LatestYear,J11*(J30-J$38)^2,"") | ... N50: =IF($B50+N$43 < LatestYear,N11*(N30-N$38)^2,"")
B51: 2016 | C51: =IF($B51+C$43 < LatestYear,C12*(C31-C$38)^2,"") -> 133.483 | D51: =IF($B51+D$43 < LatestYear,D12*(D31-D$38)^2,"") -> 78.344977 | E51: =IF($B51+E$43 < LatestYear,E12*(E31-E$38)^2,"") -> 0.55054215 | F51: =IF($B51+F$43 < LatestYear,F12*(F31-F$38)^2,"") -> 2.7059236 | G51: =IF($B51+G$43 < LatestYear,G12*(G31-G$38)^2,"") | H51: =IF($B51+H$43 < LatestYear,H12*(H31-H$38)^2,"") | I51: =IF($B51+I$43 < LatestYear,I12*(I31-I$38)^2,"") | J51: =IF($B51+J$43 < LatestYear,J12*(J31-J$38)^2,"") | ... N51: =IF($B51+N$43 < LatestYear,N12*(N31-N$38)^2,"")
B52: 2017 | C52: =IF($B52+C$43 < LatestYear,C13*(C32-C$38)^2,"") -> 1.1039402 | D52: =IF($B52+D$43 < LatestYear,D13*(D32-D$38)^2,"") -> 0.15724856 | E52: =IF($B52+E$43 < LatestYear,E13*(E32-E$38)^2,"") -> 7.8791554 | F52: =IF($B52+F$43 < LatestYear,F13*(F32-F$38)^2,"") | G52: =IF($B52+G$43 < LatestYear,G13*(G32-G$38)^2,"") | H52: =IF($B52+H$43 < LatestYear,H13*(H32-H$38)^2,"") | I52: =IF($B52+I$43 < LatestYear,I13*(I32-I$38)^2,"") | J52: =IF($B52+J$43 < LatestYear,J13*(J32-J$38)^2,"") | ... N52: =IF($B52+N$43 < LatestYear,N13*(N32-N$38)^2,"")
B53: 2018 | C53: =IF($B53+C$43 < LatestYear,C14*(C33-C$38)^2,"") -> 158.37221 | D53: =IF($B53+D$43 < LatestYear,D14*(D33-D$38)^2,"") -> 7.3583315 | E53: =IF($B53+E$43 < LatestYear,E14*(E33-E$38)^2,"") | F53: =IF($B53+F$43 < LatestYear,F14*(F33-F$38)^2,"") | G53: =IF($B53+G$43 < LatestYear,G14*(G33-G$38)^2,"") | H53: =IF($B53+H$43 < LatestYear,H14*(H33-H$38)^2,"") | I53: =IF($B53+I$43 < LatestYear,I14*(I33-I$38)^2,"") | J53: =IF($B53+J$43 < LatestYear,J14*(J33-J$38)^2,"") | ... N53: =IF($B53+N$43 < LatestYear,N14*(N33-N$38)^2,"")
B54: 2019 | C54: =IF($B54+C$43 < LatestYear,C15*(C34-C$38)^2,"") -> 586.12628 | D54: =IF($B54+D$43 < LatestYear,D15*(D34-D$38)^2,"") | E54: =IF($B54+E$43 < LatestYear,E15*(E34-E$38)^2,"") | F54: =IF($B54+F$43 < LatestYear,F15*(F34-F$38)^2,"") | G54: =IF($B54+G$43 < LatestYear,G15*(G34-G$38)^2,"") | H54: =IF($B54+H$43 < LatestYear,H15*(H34-H$38)^2,"") | I54: =IF($B54+I$43 < LatestYear,I15*(I34-I$38)^2,"") | J54: =IF($B54+J$43 < LatestYear,J15*(J34-J$38)^2,"") | ... N54: =IF($B54+N$43 < LatestYear,N15*(N34-N$38)^2,"")
B55: 2020 | C55: =IF($B55+C$43 < LatestYear,C16*(C35-C$38)^2,"") | D55: =IF($B55+D$43 < LatestYear,D16*(D35-D$38)^2,"") | E55: =IF($B55+E$43 < LatestYear,E16*(E35-E$38)^2,"") | F55: =IF($B55+F$43 < LatestYear,F16*(F35-F$38)^2,"") | G55: =IF($B55+G$43 < LatestYear,G16*(G35-G$38)^2,"") | H55: =IF($B55+H$43 < LatestYear,H16*(H35-H$38)^2,"") | I55: =IF($B55+I$43 < LatestYear,I16*(I35-I$38)^2,"") | J55: =IF($B55+J$43 < LatestYear,J16*(J35-J$38)^2,"") | ... N55: =IF($B55+N$43 < LatestYear,N16*(N35-N$38)^2,"")
B57: σ^2 | C57: {=IFERROR(SUM(C44:C55)/((nRow-1)-C$43-1),"")} -> 185.4244 | D57: {=IFERROR(SUM(D44:D55)/((nRow-1)-D$43-1),"")} -> 24.129648 | E57: {=IFERROR(SUM(E44:E55)/((nRow-1)-E$43-1),"")} -> 11.384807 | F57: {=IFERROR(SUM(F44:F55)/((nRow-1)-F$43-1),"")} -> 5.6263428 | G57: {=IFERROR(SUM(G44:G55)/((nRow-1)-G$43-1),"")} -> 3.3074605 | H57: {=IFERROR(SUM(H44:H55)/((nRow-1)-H$43-1),"")} -> 1.5548478 | I57: {=IFERROR(SUM(I44:I55)/((nRow-1)-I$43-1),"")} -> 0.40758079 | J57: {=IFERROR(SUM(J44:J55)/((nRow-1)-J$43-1),"")} -> 0.26256248 | ... M57: {=IFERROR(SUM(M44:M55)/((nRow-1)-M$43-1),"")}
B58: σ^2 adjusted | C58: =IF(C57<>"",C57,MIN(B58,A58,B58^2/A58)) -> 185.4244 | D58: =IF(D57<>"",D57,MIN(C58,B58,C58^2/B58)) -> 24.129648 | E58: =IF(E57<>"",E57,MIN(D58,C58,D58^2/C58)) -> 11.384807 | F58: =IF(F57<>"",F57,MIN(E58,D58,E58^2/D58)) -> 5.6263428 | G58: =IF(G57<>"",G57,MIN(F58,E58,F58^2/E58)) -> 3.3074605 | H58: =IF(H57<>"",H57,MIN(G58,F58,G58^2/F58)) -> 1.5548478 | I58: =IF(I57<>"",I57,MIN(H58,G58,H58^2/G58)) -> 0.40758079 | J58: =IF(J57<>"",J57,MIN(I58,H58,I58^2/H58)) -> 0.26256248 | ... M58: =IF(M57<>"",M57,MIN(L58,K58,L58^2/K58)) -> 0.010778008 | U58: AY | V58: Diagonal | W58: Ultimate | X58: Claim Reserve | Y58: Process Error | Z58: Process CoV | AA58: Estim. Error | AB58: Estim. CoV | AC58: Estim. Covariance Component | AD58: Total Error | AE58: Total Error (%)
U59: 2009 | V59: {=OFFSET(O5,0,LatestYear-B5-nRow)} -> 86842.701 | W59: =V59*OFFSET($B$39,0,LatestYear-U59+1) -> 86842.701 | X59: =W59-V59 -> 0 | Y59: =(OFFSET($B$61,0,LatestYear-U59+1)*W59)^0.5 -> 0 | Z59: =IFERROR(Y59/X59,"") | AA59: =OFFSET($B$63, 0, LatestYear +1 - U59 )^(0.5)*W59 -> 0 | AB59: =IFERROR(AA59/X59,"") | AC59: =W59*SUM(D71:O71)*OFFSET($B$63, 0, LatestYear +1 - U59 ) -> 0 | AD59: =SUMSQ(Y59,AA59)^0.5 -> 0 | AE59: =IFERROR(AD59/X59, "")
B60: PV component | C60: =C58*C39/C38^2 -> 131.68423 | D60: =D58*D39/D38^2 -> 24.462213 | E60: =E58*E39/E38^2 -> 12.029769 | F60: =F58*F39/F38^2 -> 5.9497226 | G60: =G58*G39/G38^2 -> 3.455211 | H60: =H58*H39/H38^2 -> 1.6135491 | I60: =I58*I39/I38^2 -> 0.41956641 | J60: =J58*J39/J38^2 -> 0.26863371 | ... M60: =M58*M39/M38^2 -> 0.010555203 | N60: 0 | U60: 2010 | V60: {=OFFSET(O6,0,LatestYear-B6-nRow)} -> 96325.022 | W60: =V60*OFFSET($B$39,0,LatestYear-U60+1) -> 98358.305 | X60: =W60-V60 -> 2033.2831 | Y60: =(OFFSET($B$61,0,LatestYear-U60+1)*W60)^0.5 -> 32.220985 | Z60: =IFERROR(Y60/X60,"") -> 0.015846778 | AA60: =OFFSET($B$63, 0, LatestYear +1 - U60 )^(0.5)*W60 -> 34.290804 | AB60: =IFERROR(AA60/X60,"") -> 0.016864747 | AC60: =W60*SUM(D72:O72)*OFFSET($B$63, 0, LatestYear +1 - U60 ) -> 16747.22 | AD60: =SUMSQ(Y60,AA60)^0.5 -> 47.053705 | AE60: =IFERROR(AD60/X60, "") -> 0.023141738
B61: PV/ULTIMATE | C61: =SUM(C60:$N$60) -> 180.79641 | D61: =SUM(D60:$N$60) -> 49.11218 | E61: =SUM(E60:$N$60) -> 24.649966 | F61: =SUM(F60:$N$60) -> 12.620197 | G61: =SUM(G60:$N$60) -> 6.6704748 | H61: =SUM(H60:$N$60) -> 3.2152639 | I61: =SUM(I60:$N$60) -> 1.6017148 | J61: =SUM(J60:$N$60) -> 1.1821484 | ... N61: =SUM(N60:$N$60) -> 0 | U61: 2011 | V61: {=OFFSET(O7,0,LatestYear-B7-nRow)} -> 105007.48 | W61: =V61*OFFSET($B$39,0,LatestYear-U61+1) -> 107662.2 | X61: =W61-V61 -> 2654.7155 | Y61: =(OFFSET($B$61,0,LatestYear-U61+1)*W61)^0.5 -> 106.14053 | Z61: =IFERROR(Y61/X61,"") -> 0.039981887 | AA61: =OFFSET($B$63, 0, LatestYear +1 - U61 )^(0.5)*W61 -> 85.424406 | AB61: =IFERROR(AA61/X61,"") -> 0.032178366 | AC61: =W61*SUM(D73:O73)*OFFSET($B$63, 0, LatestYear +1 - U61 ) -> 87653.572 | AD61: =SUMSQ(Y61,AA61)^0.5 -> 136.24662 | AE61: =IFERROR(AD61/X61, "") -> 0.051322495
B62: EV component | C62: =IFERROR((C58/C38^2)/SUM(OFFSET(C$4,1,0,nRow-1-C4)),0) -> 9.3283787e-05 | D62: =IFERROR((D58/D38^2)/SUM(OFFSET(D$4,1,0,nRow-1-D4)),0) -> 1.9558527e-05 | E62: =IFERROR((E58/E38^2)/SUM(OFFSET(E$4,1,0,nRow-1-E4)),0) -> 1.0897149e-05 | F62: =IFERROR((F58/F38^2)/SUM(OFFSET(F$4,1,0,nRow-1-F4)),0) -> 6.1775257e-06 | G62: =IFERROR((G58/G38^2)/SUM(OFFSET(G$4,1,0,nRow-1-G4)),0) -> 4.2073961e-06 | H62: =IFERROR((H58/H38^2)/SUM(OFFSET(H$4,1,0,nRow-1-H4)),0) -> 2.3957944e-06 | I62: =IFERROR((I58/I38^2)/SUM(OFFSET(I$4,1,0,nRow-1-I4)),0) -> 7.8516954e-07 | J62: =IFERROR((J58/J38^2)/SUM(OFFSET(J$4,1,0,nRow-1-J4)),0) -> 6.532688e-07 | ... N62: =IFERROR((N58/N38^2)/SUM(OFFSET(N$4,1,0,nRow-1-N4)),0) -> 0 | U62: 2012 | V62: {=OFFSET(O8,0,LatestYear-B8-nRow)} -> 114674.41 | W62: =V62*OFFSET($B$39,0,LatestYear-U62+1) -> 118351.46 | X62: =W62-V62 -> 3677.0462 | Y62: =(OFFSET($B$61,0,LatestYear-U62+1)*W62)^0.5 -> 328.80966 | Z62: =IFERROR(Y62/X62,"") -> 0.089422227 | AA62: =OFFSET($B$63, 0, LatestYear +1 - U62 )^(0.5)*W62 -> 217.95677 | AB62: =IFERROR(AA62/X62,"") -> 0.059274961 | AC62: =W62*SUM(D74:O74)*OFFSET($B$63, 0, LatestYear +1 - U62 ) -> 471576.93 | AD62: =SUMSQ(Y62,AA62)^0.5 -> 394.48821 | AE62: =IFERROR(AD62/X62, "") -> 0.107284
B63: EV/(ULTIMATE^2) | C63: =SUM(C62:$N$62) -> 0.00014135013 | D63: =SUM(D62:$N$62) -> 4.8066344e-05 | E63: =SUM(E62:$N$62) -> 2.8507816e-05 | F63: =SUM(F62:$N$62) -> 1.7610668e-05 | G63: =SUM(G62:$N$62) -> 1.1433142e-05 | H63: =SUM(H62:$N$62) -> 7.2257457e-06 | I63: =SUM(I62:$N$62) -> 4.8299513e-06 | J63: =SUM(J62:$N$62) -> 4.0447818e-06 | ... N63: =SUM(N62:$N$62) -> 0 | U63: 2013 | V63: {=OFFSET(O9,0,LatestYear-B9-nRow)} -> 118289.46 | W63: =V63*OFFSET($B$39,0,LatestYear-U63+1) -> 123149.43 | X63: =W63-V63 -> 4859.9647 | Y63: =(OFFSET($B$61,0,LatestYear-U63+1)*W63)^0.5 -> 381.55064 | Z63: =IFERROR(Y63/X63,"") -> 0.078508933 | AA63: =OFFSET($B$63, 0, LatestYear +1 - U63 )^(0.5)*W63 -> 247.67373 | AB63: =IFERROR(AA63/X63,"") -> 0.050962043 | AC63: =W63*SUM(D75:O75)*OFFSET($B$63, 0, LatestYear +1 - U63 ) -> 523869.34 | AD63: =SUMSQ(Y63,AA63)^0.5 -> 454.88808 | AE63: =IFERROR(AD63/X63, "") -> 0.093599052
U64: 2014 | V64: {=OFFSET(O10,0,LatestYear-B10-nRow)} -> 132138.57 | W64: =V64*OFFSET($B$39,0,LatestYear-U64+1) -> 139128.24 | X64: =W64-V64 -> 6989.6674 | Y64: =(OFFSET($B$61,0,LatestYear-U64+1)*W64)^0.5 -> 472.0633 | Z64: =IFERROR(Y64/X64,"") -> 0.067537305 | AA64: =OFFSET($B$63, 0, LatestYear +1 - U64 )^(0.5)*W64 -> 305.76422 | AB64: =IFERROR(AA64/X64,"") -> 0.043745175 | AC64: =W64*SUM(D76:O76)*OFFSET($B$63, 0, LatestYear +1 - U64 ) -> 613238.25 | AD64: =SUMSQ(Y64,AA64)^0.5 -> 562.43712 | AE64: =IFERROR(AD64/X64, "") -> 0.080466936
U65: 2015 | V65: {=OFFSET(O11,0,LatestYear-B11-nRow)} -> 138291.01 | W65: =V65*OFFSET($B$39,0,LatestYear-U65+1) -> 147730.79 | X65: =W65-V65 -> 9439.7771 | Y65: =(OFFSET($B$61,0,LatestYear-U65+1)*W65)^0.5 -> 689.19771 | Z65: =IFERROR(Y65/X65,"") -> 0.073009956 | AA65: =OFFSET($B$63, 0, LatestYear +1 - U65 )^(0.5)*W65 -> 397.11141 | AB65: =IFERROR(AA65/X65,"") -> 0.042067879 | AC65: =W65*SUM(D77:O77)*OFFSET($B$63, 0, LatestYear +1 - U65 ) -> 816450.42 | AD65: =SUMSQ(Y65,AA65)^0.5 -> 795.41872 | AE65: =IFERROR(AD65/X65, "") -> 0.084262448
U66: 2016 | V66: {=OFFSET(O12,0,LatestYear-B12-nRow)} -> 129900.41 | W66: =V66*OFFSET($B$39,0,LatestYear-U66+1) -> 141900.77 | X66: =W66-V66 -> 12000.357 | Y66: =(OFFSET($B$61,0,LatestYear-U66+1)*W66)^0.5 -> 972.9057 | Z66: =IFERROR(Y66/X66,"") -> 0.081073064 | AA66: =OFFSET($B$63, 0, LatestYear +1 - U66 )^(0.5)*W66 -> 479.80806 | AB66: =IFERROR(AA66/X66,"") -> 0.039982816 | AC66: =W66*SUM(D78:O78)*OFFSET($B$63, 0, LatestYear +1 - U66 ) -> 1010654.7 | AD66: =SUMSQ(Y66,AA66)^0.5 -> 1084.7863 | AE66: =IFERROR(AD66/X66, "") -> 0.090396169
E67: Estimation Covariance Coefficient | U67: 2017 | V67: {=OFFSET(O13,0,LatestYear-B13-nRow)} -> 124786.08 | W67: =V67*OFFSET($B$39,0,LatestYear-U67+1) -> 140813.43 | X67: =W67-V67 -> 16027.344 | Y67: =(OFFSET($B$61,0,LatestYear-U67+1)*W67)^0.5 -> 1333.0766 | Z67: =IFERROR(Y67/X67,"") -> 0.083175142 | AA67: =OFFSET($B$63, 0, LatestYear +1 - U67 )^(0.5)*W67 -> 590.92447 | AB67: =IFERROR(AA67/X67,"") -> 0.036869769 | AC67: =W67*SUM(D79:O79)*OFFSET($B$63, 0, LatestYear +1 - U67 ) -> 1195608.6 | AD67: =SUMSQ(Y67,AA67)^0.5 -> 1458.1786 | AE67: =IFERROR(AD67/X67, "") -> 0.09098068
D68: DY | U68: 2018 | V68: {=OFFSET(O14,0,LatestYear-B14-nRow)} -> 121799.75 | W68: =V68*OFFSET($B$39,0,LatestYear-U68+1) -> 146781.26 | X68: =W68-V68 -> 24981.508 | Y68: =(OFFSET($B$61,0,LatestYear-U68+1)*W68)^0.5 -> 1902.1444 | Z68: =IFERROR(Y68/X68,"") -> 0.076142094 | AA68: =OFFSET($B$63, 0, LatestYear +1 - U68 )^(0.5)*W68 -> 783.70495 | AB68: =IFERROR(AA68/X68,"") -> 0.031371402 | AC68: =W68*SUM(D80:O80)*OFFSET($B$63, 0, LatestYear +1 - U68 ) -> 1403260.9 | AD68: =SUMSQ(Y68,AA68)^0.5 -> 2057.2668 | AE68: =IFERROR(AD68/X68, "") -> 0.082351584
D69: 0 | E69: 1 | F69: 2 | G69: 3 | H69: 4 | I69: 5 | J69: 6 | K69: 7 | L69: 8 | M69: 9 | N69: 10 | O69: 11 | U69: 2019 | V69: {=OFFSET(O15,0,LatestYear-B15-nRow)} -> 112342 | W69: =V69*OFFSET($B$39,0,LatestYear-U69+1) -> 160933.26 | X69: =W69-V69 -> 48591.257 | Y69: =(OFFSET($B$61,0,LatestYear-U69+1)*W69)^0.5 -> 2811.3668 | Z69: =IFERROR(Y69/X69,"") -> 0.057857461 | AA69: =OFFSET($B$63, 0, LatestYear +1 - U69 )^(0.5)*W69 -> 1115.7486 | AB69: =IFERROR(AA69/X69,"") -> 0.022961921 | AC69: =W69*SUM(D81:O81)*OFFSET($B$63, 0, LatestYear +1 - U69 ) -> 1349229.1 | AD69: =SUMSQ(Y69,AA69)^0.5 -> 3024.6782 | AE69: =IFERROR(AD69/X69, "") -> 0.062247375
B70: AY | C70: UV | D70: {=TRANSPOSE(C71:C82)} -> 86842.701 | E70: 98358.305 | F70: 107662.2 | G70: 118351.46 | H70: 123149.43 | I70: 139128.24 | J70: 147730.79 | K70: 141900.77 | L70: 140813.43 | M70: 146781.26 | N70: 160933.26 | O70: 174421.02 | U70: 2020 | V70: {=OFFSET(O16,0,LatestYear-B16-nRow)} -> 60361.276 | W70: =V70*OFFSET($B$39,0,LatestYear-U70+1) -> 174421.02 | X70: =W70-V70 -> 114059.74 | Y70: =(OFFSET($B$61,0,LatestYear-U70+1)*W70)^0.5 -> 5615.576 | Z70: =IFERROR(Y70/X70,"") -> 0.049233637 | AA70: =OFFSET($B$63, 0, LatestYear +1 - U70 )^(0.5)*W70 -> 2073.7048 | AB70: =IFERROR(AA70/X70,"") -> 0.018180865 | AC70: =W70*SUM(D82:O82)*OFFSET($B$63, 0, LatestYear +1 - U70 ) -> 0 | AD70: =SUMSQ(Y70,AA70)^0.5 -> 5986.2296 | AE70: =IFERROR(AD70/X70, "") -> 0.052483282
B71: 2009 | C71: =W59 -> 86842.701 | D71: {=IF($B71+nCol-LatestYear <D$69,D$70,"")} | E71: =IF($B71+nCol-LatestYear <E$69,E$70,"") -> 98358.305 | F71: =IF($B71+nCol-LatestYear <F$69,F$70,"") -> 107662.2 | G71: =IF($B71+nCol-LatestYear <G$69,G$70,"") -> 118351.46 | H71: =IF($B71+nCol-LatestYear <H$69,H$70,"") -> 123149.43 | I71: =IF($B71+nCol-LatestYear <I$69,I$70,"") -> 139128.24 | J71: =IF($B71+nCol-LatestYear <J$69,J$70,"") -> 147730.79 | K71: =IF($B71+nCol-LatestYear <K$69,K$70,"") -> 141900.77 | L71: =IF($B71+nCol-LatestYear <L$69,L$70,"") -> 140813.43 | ... O71: =IF($B71+nCol-LatestYear <O$69,O$70,"") -> 174421.02
B72: 2010 | C72: =W60 -> 98358.305 | D72: =IF($B72+nCol-LatestYear <D$69,D$70,"") | E72: =IF($B72+nCol-LatestYear <E$69,E$70,"") | F72: =IF($B72+nCol-LatestYear <F$69,F$70,"") -> 107662.2 | G72: =IF($B72+nCol-LatestYear <G$69,G$70,"") -> 118351.46 | H72: =IF($B72+nCol-LatestYear <H$69,H$70,"") -> 123149.43 | I72: =IF($B72+nCol-LatestYear <I$69,I$70,"") -> 139128.24 | J72: =IF($B72+nCol-LatestYear <J$69,J$70,"") -> 147730.79 | K72: =IF($B72+nCol-LatestYear <K$69,K$70,"") -> 141900.77 | ... O72: =IF($B72+nCol-LatestYear <O$69,O$70,"") -> 174421.02 | U72: Total | V72: =SUM(V59:V70) -> 1340758.2 | W72: =SUM(W59:W70) -> 1586072.9 | X72: =SUM(X59:X70) -> 245314.66 | Y72: =+SUMSQ(Y59:Y70)^0.5 -> 6836.9662 | Z72: =Y72/X72 -> 0.02787019 | AA72: =+SUMSQ(AA59:AA70)^0.5 -> 2665.9439 | AB72: =AA72/X72 -> 0.010867446 | AC72: =2*SUM(AC59:AC70) -> 14976578 | AD72: =(AA72^2+Y72^2+AC72)^0.5 -> 8296.2607 | AE72: =AD72/X72 -> 0.033818854
B73: 2011 | C73: =W61 -> 107662.2 | D73: =IF($B73+nCol-LatestYear <D$69,D$70,"") | E73: =IF($B73+nCol-LatestYear <E$69,E$70,"") | F73: =IF($B73+nCol-LatestYear <F$69,F$70,"") | G73: =IF($B73+nCol-LatestYear <G$69,G$70,"") -> 118351.46 | H73: =IF($B73+nCol-LatestYear <H$69,H$70,"") -> 123149.43 | I73: =IF($B73+nCol-LatestYear <I$69,I$70,"") -> 139128.24 | J73: =IF($B73+nCol-LatestYear <J$69,J$70,"") -> 147730.79 | K73: =IF($B73+nCol-LatestYear <K$69,K$70,"") -> 141900.77 | ... O73: =IF($B73+nCol-LatestYear <O$69,O$70,"") -> 174421.02
B74: 2012 | C74: =W62 -> 118351.46 | D74: =IF($B74+nCol-LatestYear <D$69,D$70,"") | E74: =IF($B74+nCol-LatestYear <E$69,E$70,"") | F74: =IF($B74+nCol-LatestYear <F$69,F$70,"") | G74: =IF($B74+nCol-LatestYear <G$69,G$70,"") | H74: =IF($B74+nCol-LatestYear <H$69,H$70,"") -> 123149.43 | I74: =IF($B74+nCol-LatestYear <I$69,I$70,"") -> 139128.24 | J74: =IF($B74+nCol-LatestYear <J$69,J$70,"") -> 147730.79 | K74: =IF($B74+nCol-LatestYear <K$69,K$70,"") -> 141900.77 | ... O74: =IF($B74+nCol-LatestYear <O$69,O$70,"") -> 174421.02
B75: 2013 | C75: =W63 -> 123149.43 | D75: =IF($B75+nCol-LatestYear <D$69,D$70,"") | E75: =IF($B75+nCol-LatestYear <E$69,E$70,"") | F75: =IF($B75+nCol-LatestYear <F$69,F$70,"") | G75: =IF($B75+nCol-LatestYear <G$69,G$70,"") | H75: =IF($B75+nCol-LatestYear <H$69,H$70,"") | I75: =IF($B75+nCol-LatestYear <I$69,I$70,"") -> 139128.24 | J75: =IF($B75+nCol-LatestYear <J$69,J$70,"") -> 147730.79 | K75: =IF($B75+nCol-LatestYear <K$69,K$70,"") -> 141900.77 | ... O75: =IF($B75+nCol-LatestYear <O$69,O$70,"") -> 174421.02
B76: 2014 | C76: =W64 -> 139128.24 | D76: =IF($B76+nCol-LatestYear <D$69,D$70,"") | E76: =IF($B76+nCol-LatestYear <E$69,E$70,"") | F76: =IF($B76+nCol-LatestYear <F$69,F$70,"") | G76: =IF($B76+nCol-LatestYear <G$69,G$70,"") | H76: =IF($B76+nCol-LatestYear <H$69,H$70,"") | I76: =IF($B76+nCol-LatestYear <I$69,I$70,"") | J76: =IF($B76+nCol-LatestYear <J$69,J$70,"") -> 147730.79 | K76: =IF($B76+nCol-LatestYear <K$69,K$70,"") -> 141900.77 | ... O76: =IF($B76+nCol-LatestYear <O$69,O$70,"") -> 174421.02
B77: 2015 | C77: =W65 -> 147730.79 | D77: =IF($B77+nCol-LatestYear <D$69,D$70,"") | E77: =IF($B77+nCol-LatestYear <E$69,E$70,"") | F77: =IF($B77+nCol-LatestYear <F$69,F$70,"") | G77: =IF($B77+nCol-LatestYear <G$69,G$70,"") | H77: =IF($B77+nCol-LatestYear <H$69,H$70,"") | I77: =IF($B77+nCol-LatestYear <I$69,I$70,"") | J77: =IF($B77+nCol-LatestYear <J$69,J$70,"") | K77: =IF($B77+nCol-LatestYear <K$69,K$70,"") -> 141900.77 | ... O77: =IF($B77+nCol-LatestYear <O$69,O$70,"") -> 174421.02
B78: 2016 | C78: =W66 -> 141900.77 | D78: =IF($B78+nCol-LatestYear <D$69,D$70,"") | E78: =IF($B78+nCol-LatestYear <E$69,E$70,"") | F78: =IF($B78+nCol-LatestYear <F$69,F$70,"") | G78: =IF($B78+nCol-LatestYear <G$69,G$70,"") | H78: =IF($B78+nCol-LatestYear <H$69,H$70,"") | I78: =IF($B78+nCol-LatestYear <I$69,I$70,"") | J78: =IF($B78+nCol-LatestYear <J$69,J$70,"") | K78: =IF($B78+nCol-LatestYear <K$69,K$70,"") | ... O78: =IF($B78+nCol-LatestYear <O$69,O$70,"") -> 174421.02
B79: 2017 | C79: =W67 -> 140813.43 | D79: =IF($B79+nCol-LatestYear <D$69,D$70,"") | E79: =IF($B79+nCol-LatestYear <E$69,E$70,"") | F79: =IF($B79+nCol-LatestYear <F$69,F$70,"") | G79: =IF($B79+nCol-LatestYear <G$69,G$70,"") | H79: =IF($B79+nCol-LatestYear <H$69,H$70,"") | I79: =IF($B79+nCol-LatestYear <I$69,I$70,"") | J79: =IF($B79+nCol-LatestYear <J$69,J$70,"") | K79: =IF($B79+nCol-LatestYear <K$69,K$70,"") | ... O79: =IF($B79+nCol-LatestYear <O$69,O$70,"") -> 174421.02
B80: 2018 | C80: =W68 -> 146781.26 | D80: =IF($B80+nCol-LatestYear <D$69,D$70,"") | E80: =IF($B80+nCol-LatestYear <E$69,E$70,"") | F80: =IF($B80+nCol-LatestYear <F$69,F$70,"") | G80: =IF($B80+nCol-LatestYear <G$69,G$70,"") | H80: =IF($B80+nCol-LatestYear <H$69,H$70,"") | I80: =IF($B80+nCol-LatestYear <I$69,I$70,"") | J80: =IF($B80+nCol-LatestYear <J$69,J$70,"") | K80: =IF($B80+nCol-LatestYear <K$69,K$70,"") | ... O80: =IF($B80+nCol-LatestYear <O$69,O$70,"") -> 174421.02
B81: 2019 | C81: =W69 -> 160933.26 | D81: =IF($B81+nCol-LatestYear <D$69,D$70,"") | E81: =IF($B81+nCol-LatestYear <E$69,E$70,"") | F81: =IF($B81+nCol-LatestYear <F$69,F$70,"") | G81: =IF($B81+nCol-LatestYear <G$69,G$70,"") | H81: =IF($B81+nCol-LatestYear <H$69,H$70,"") | I81: =IF($B81+nCol-LatestYear <I$69,I$70,"") | J81: =IF($B81+nCol-LatestYear <J$69,J$70,"") | K81: =IF($B81+nCol-LatestYear <K$69,K$70,"") | ... O81: =IF($B81+nCol-LatestYear <O$69,O$70,"") -> 174421.02
B82: 2020 | C82: =W70 -> 174421.02 | D82: =IF($B82+nCol-LatestYear <D$69,D$70,"") | E82: =IF($B82+nCol-LatestYear <E$69,E$70,"") | F82: =IF($B82+nCol-LatestYear <F$69,F$70,"") | G82: =IF($B82+nCol-LatestYear <G$69,G$70,"") | H82: =IF($B82+nCol-LatestYear <H$69,H$70,"") | I82: =IF($B82+nCol-LatestYear <I$69,I$70,"") | J82: =IF($B82+nCol-LatestYear <J$69,J$70,"") | K82: =IF($B82+nCol-LatestYear <K$69,K$70,"") | ... O82: =IF($B82+nCol-LatestYear <O$69,O$70,"")
C88: Claim Reserve | E88: Lognormal Assumption
C89: Expected Value | E89: mean log
C90: =X72 -> 245314.66 | E90: =LN(C90^2/(C90^2+C92+2)^0.5) -> 12.410297
C91: Prediction Error | E91: st dev log
C92: =AD72 -> 8296.2607 | E92: =SQRT(LN(C92^2/C90^2+1)) -> 0.03380919
C95: Quantile | D95: CDF | E95: PDF
C96: =_xlfn.LOGNORM.INV(D96,$E$90,$E$92) -> 220978.06 | D96: 0.001 | E96: =_xlfn.LOGNORM.DIST(C96,$E$90,$E$92,FALSE) -> 4.5068263e-07
C97: =_xlfn.LOGNORM.INV(D97,$E$90,$E$92) -> 223551.41 | D97: 0.003 | E97: =_xlfn.LOGNORM.DIST(C97,$E$90,$E$92,FALSE) -> 1.210516e-06
C98: =_xlfn.LOGNORM.INV(D98,$E$90,$E$92) -> 224275.97 | D98: 0.004 | E98: =_xlfn.LOGNORM.DIST(C98,$E$90,$E$92,FALSE) -> 1.5624028e-06
C99: =_xlfn.LOGNORM.INV(D99,$E$90,$E$92) -> 224854.82 | D99: 0.005 | E99: =_xlfn.LOGNORM.DIST(C99,$E$90,$E$92,FALSE) -> 1.9020573e-06
C100: =_xlfn.LOGNORM.INV(D100,$E$90,$E$92) -> 226759.44 | D100: =D99+0.005 -> 0.01 | E100: =_xlfn.LOGNORM.DIST(C100,$E$90,$E$92,FALSE) -> 3.4764179e-06
C101: =_xlfn.LOGNORM.INV(D101,$E$90,$E$92) -> 227960.57 | D101: =D100+0.005 -> 0.015 | E101: =_xlfn.LOGNORM.DIST(C101,$E$90,$E$92,FALSE) -> 4.9136674e-06
C102: =_xlfn.LOGNORM.INV(D102,$E$90,$E$92) -> 228858.99 | D102: =D101+0.005 -> 0.02 | E102: =_xlfn.LOGNORM.DIST(C102,$E$90,$E$92,FALSE) -> 6.2575642e-06
C103: =_xlfn.LOGNORM.INV(D103,$E$90,$E$92) -> 229585.81 | D103: =D102+0.005 -> 0.025 | E103: =_xlfn.LOGNORM.DIST(C103,$E$90,$E$92,FALSE) -> 7.5295336e-06
C104: =_xlfn.LOGNORM.INV(D104,$E$90,$E$92) -> 230201.16 | D104: =D103+0.005 -> 0.03 | E104: =_xlfn.LOGNORM.DIST(C104,$E$90,$E$92,FALSE) -> 8.7424767e-06
C105: =_xlfn.LOGNORM.INV(D105,$E$90,$E$92) -> 230737.9 | D105: =D104+0.005 -> 0.035 | E105: =_xlfn.LOGNORM.DIST(C105,$E$90,$E$92,FALSE) -> 9.9050705e-06
C106: =_xlfn.LOGNORM.INV(D106,$E$90,$E$92) -> 231216.01 | D106: =D105+0.005 -> 0.04 | E106: =_xlfn.LOGNORM.DIST(C106,$E$90,$E$92,FALSE) -> 1.1023575e-05
C107: =_xlfn.LOGNORM.INV(D107,$E$90,$E$92) -> 231648.61 | D107: =D106+0.005 -> 0.045 | E107: =_xlfn.LOGNORM.DIST(C107,$E$90,$E$92,FALSE) -> 1.210273e-05
C108: =_xlfn.LOGNORM.INV(D108,$E$90,$E$92) -> 232044.81 | D108: =D107+0.005 -> 0.05 | E108: =_xlfn.LOGNORM.DIST(C108,$E$90,$E$92,FALSE) -> 1.3146258e-05
C109: =_xlfn.LOGNORM.INV(D109,$E$90,$E$92) -> 232411.16 | D109: =D108+0.005 -> 0.055 | E109: =_xlfn.LOGNORM.DIST(C109,$E$90,$E$92,FALSE) -> 1.4157162e-05
C110: =_xlfn.LOGNORM.INV(D110,$E$90,$E$92) -> 232752.58 | D110: =D109+0.005 -> 0.06 | E110: =_xlfn.LOGNORM.DIST(C110,$E$90,$E$92,FALSE) -> 1.513792e-05
C111: =_xlfn.LOGNORM.INV(D111,$E$90,$E$92) -> 233072.86 | D111: =D110+0.005 -> 0.065 | E111: =_xlfn.LOGNORM.DIST(C111,$E$90,$E$92,FALSE) -> 1.6090612e-05
... C297: =_xlfn.LOGNORM.INV(D297,$E$90,$E$92) -> 267636.14 | D297: =D296+0.005 -> 0.995 | E297: =_xlfn.LOGNORM.DIST(C297,$E$90,$E$92,FALSE) -> 1.5980158e-06
C298: =_xlfn.LOGNORM.INV(D298,$E$90,$E$92) -> 272331.45 | D298: 0.999 | E298: =_xlfn.LOGNORM.DIST(C298,$E$90,$E$92,FALSE) -> 3.6569764e-07
